{
"type": "FeatureCollection",
"name": "nakano_zoning",
"crs": { "type": "name", "properties": { "name": "urn:ogc:def:crs:OGC:1.3:CRS84" } },
"features": [
{"type":"Feature","properties":{"A29_001":"13114","A29_002":"東京都","A29_003":"中野区","A29_004":3,"A29_005":"第一種中高層住居専用地域","A29_006":60,"A29_007":200,"A29_008":null},"geometry":{"type":"MultiPolygon","coordinates":[[[[139.662616218606729,35.685232548897112],[139.660319313839295,35.68455554151015],[139.660152351144433,35.68494678463744],[139.659849303454422,35.68483902875677],[139.659739354963449,35.684990906334768],[139.659740181689955,35.685165523179798],[139.659355162085234,35.685183104822549],[139.65947822151017,35.685774558564489],[139.659419724938147,35.68578937957038],[139.659357522550863,35.685828043983051],[139.659298741038754,35.685974032863101],[139.659148159914821,35.686115850553321],[139.65913998496498,35.686725040091474],[139.659932876684564,35.686744071313178],[139.660970533058673,35.686790277878472],[139.661796655485091,35.687231730257636],[139.662355585156206,35.687505832432372],[139.663143887653973,35.687969138847684],[139.66332576321966,35.688120886030106],[139.663330821488557,35.687459089413018],[139.663287586059027,35.687169861821666],[139.662616218606729,35.685232548897112]]]]}},
{"type":"Feature","properties":{"A29_001":"13114","A29_002":"東京都","A29_003":"中野区","A29_004":10,"A29_005":"準工業地域","A29_006":60,"A29_007":200,"A29_008":null},"geometry":{"type":"MultiPolygon","coordinates":[[[[139.663390783676675,35.682721650717085],[139.66328376601831,35.682578939592446],[139.662956698407356,35.682659655941009],[139.662712570861373,35.682719490590856],[139.662535602812824,35.682762123539938],[139.662409332930139,35.682792745244214],[139.662258147937791,35.682829883500879],[139.661785511593735,35.682948322628448],[139.661549048519049,35.682202355147098],[139.661611824972198,35.68206790729576],[139.66166169091278,35.681965416153673],[139.661686680094874,35.681909034208665],[139.662214460414617,35.682068081051717],[139.662940801581072,35.681858701321183],[139.66289659706888,35.681780366754047],[139.663256372717314,35.681664736141755],[139.663571544883013,35.681563274268363],[139.66330562007559,35.680870272099114],[139.662136089401258,35.680923721611208],[139.661943529866107,35.680955264412709],[139.660889816688325,35.681613894845555],[139.660898217922124,35.681755056952859],[139.660733367317391,35.681835217686285],[139.660681291485503,35.681862725885885],[139.660627926744098,35.6818926127292],[139.660569842782564,35.681927931640509],[139.660356199489826,35.681968547419295],[139.660320867401339,35.681975119974446],[139.660271636724218,35.683080186299179],[139.660507297595416,35.683324736543256],[139.660543808545583,35.683744527827322],[139.660765773879177,35.683834517671251],[139.660732841570763,35.683924141945838],[139.662296889090641,35.684396672353635],[139.662131349039441,35.683890842545281],[139.662560473448167,35.683791596377212],[139.66264900792595,35.683773333837088],[139.662789048758953,35.683744688228821],[139.663057859204912,35.683689971957676],[139.663065128804561,35.683281637474721],[139.663062550246906,35.683119461972744],[139.663115232165211,35.683088533024083],[139.663176708698956,35.683045692080647],[139.663390783676675,35.682721650717085]]]]}},
{"type":"Feature","properties":{"A29_001":"13114","A29_002":"東京都","A29_003":"中野区","A29_004":3,"A29_005":"第一種中高層住居専用地域","A29_006":60,"A29_007":200,"A29_008":null},"geometry":{"type":"MultiPolygon","coordinates":[[[[139.66192530290175,35.697114048989476],[139.662368946919884,35.697053681937611],[139.663933414001718,35.697036213243976],[139.664528685559134,35.697030344070278],[139.665230085455477,35.697023425710654],[139.665750694533784,35.69702382169497],[139.66580654871089,35.697023899341886],[139.665862347416919,35.697024083246973],[139.665918124983904,35.69702433650189],[139.665973946602975,35.697024661000057],[139.666029766973196,35.69702505487578],[139.666085544101207,35.697025519873414],[139.666141331028768,35.697026055165388],[139.666197151992748,35.697026695938433],[139.666252938629952,35.697027371791293],[139.666308748252106,35.69702815401125],[139.666364556624529,35.6970290065101],[139.666420332809366,35.697029928343674],[139.666476119897709,35.697030921374363],[139.666531917891746,35.697031984700814],[139.666587725613624,35.697033153474642],[139.666643490169463,35.697034357316099],[139.666699255613707,35.697035666592754],[139.666739578230477,35.697036673273622],[139.666755051852221,35.697037047094028],[139.666770849164891,35.697037456513016],[139.666810849053917,35.697038496975907],[139.666866612960661,35.697040017993793],[139.667005331291762,35.697034555832516],[139.666883464483078,35.696155282686519],[139.666875323611151,35.695863879416557],[139.666908056299633,35.695728702241006],[139.667104235904191,35.695443503711452],[139.667336306652743,35.695109835532342],[139.667984938117286,35.69409793751948],[139.668305704128699,35.693077650622207],[139.66862611357837,35.691702446790877],[139.667920740588869,35.69162989357806],[139.667605128984718,35.691572222447981],[139.66719670920898,35.691479673684633],[139.666972084342888,35.691425868927134],[139.666966633267123,35.691440173515723],[139.667534044376993,35.691620556289649],[139.667487692556819,35.691840785082348],[139.667591920013621,35.691885232533835],[139.667456563037632,35.69230955418255],[139.667382523305918,35.692769733340235],[139.667314141870435,35.693320545522688],[139.667433175129048,35.693721368843505],[139.667424276202695,35.693783363360723],[139.667298125582391,35.693995443410031],[139.666532652039507,35.693760667327716],[139.666523658057173,35.693867974291884],[139.666429693402847,35.694065788764199],[139.666209748166125,35.694392211622763],[139.665945723802793,35.694825892183751],[139.665498661671791,35.694710795674283],[139.665202443281601,35.695158738938858],[139.664911382910674,35.695398375450367],[139.664678676427201,35.695240311051279],[139.664546979169245,35.695436852106219],[139.664301490342609,35.695393579888695],[139.663824949609051,35.695392909797555],[139.662959752600671,35.695308217733832],[139.662342840830661,35.695326422027058],[139.661574164437354,35.695222778067169],[139.66134046428644,35.69513658887508],[139.661001737465142,35.69494769927519],[139.660874767042799,35.69553181190313],[139.660738404205347,35.695799941510487],[139.661287086621172,35.695899446092106],[139.661234122996234,35.696261846332391],[139.66088921591566,35.696225579609305],[139.660807977134084,35.696622541265278],[139.661091614061121,35.696676066442457],[139.661019029449847,35.697242238878864],[139.661916346333186,35.69706419235488],[139.66192530290175,35.697114048989476]]]]}},
{"type":"Feature","properties":{"A29_001":"13114","A29_002":"東京都","A29_003":"中野区","A29_004":3,"A29_005":"第一種中高層住居専用地域","A29_006":60,"A29_007":200,"A29_008":null},"geometry":{"type":"MultiPolygon","coordinates":[[[[139.668965083360575,35.683711665605273],[139.667825496148964,35.683674692495174],[139.667765203608553,35.683666409082747],[139.667624775225818,35.683647054011111],[139.667484359294207,35.683622228392025],[139.667450376787514,35.683615582735747],[139.667268809574637,35.68358400579104],[139.667188705185652,35.683571137489672],[139.667102383896378,35.683560478831197],[139.666920218723959,35.683531289162246],[139.666806048545141,35.683513146558383],[139.666689080639514,35.683494128357488],[139.66653525018242,35.683468995558712],[139.666476716735474,35.683455944798865],[139.66639085352179,35.683428558682657],[139.666339675977497,35.683405917572067],[139.666300340240639,35.683385200137536],[139.666245211944869,35.683349927413552],[139.666438703970471,35.683198669234017],[139.666744126014407,35.683079725286071],[139.666873544068181,35.683100851317171],[139.667011136246344,35.683121866377597],[139.667189729290385,35.683150217226093],[139.667256239633701,35.683158840292514],[139.667346504157734,35.683173491921593],[139.667406344392845,35.683182855661912],[139.667456961883971,35.68319106375175],[139.667503040352813,35.683200577970332],[139.667618888278838,35.683222550332211],[139.667654082161363,35.683229410329247],[139.667724082611159,35.683240763669438],[139.667754120238584,35.68324554160661],[139.667835113194229,35.683257072221799],[139.667951052094878,35.683282906378743],[139.66899869105319,35.683288156735486],[139.669181021385583,35.681205720830924],[139.66884990332295,35.68103212654291],[139.667543326874295,35.680171777139698],[139.66734182602741,35.680081350978931],[139.667163062745828,35.680021005372573],[139.666555607248796,35.679484997994962],[139.666542744109847,35.679766873202631],[139.666278004450618,35.679726440153004],[139.666242243489904,35.67974963958121],[139.666018395010497,35.679748974528181],[139.666051262452072,35.679126566039479],[139.665852188235817,35.679044345734717],[139.665756414654908,35.678996514832882],[139.665677049689918,35.678929627648309],[139.665437522618049,35.678293487487778],[139.665968846768578,35.67828077230395],[139.666120585351507,35.678683074274176],[139.66657438660684,35.678888326541497],[139.667356858019843,35.67959771768809],[139.667504117354468,35.679626539183154],[139.66691946170252,35.679090565007435],[139.666669170879658,35.678849822693508],[139.666539543335205,35.67877666579551],[139.666448522858389,35.678692114841489],[139.666378699826538,35.678534615817959],[139.666264970299409,35.678407105350338],[139.666163433914704,35.678319677725582],[139.666088174327712,35.678246595810876],[139.666028785341695,35.678132038949705],[139.665747713436048,35.677517779312531],[139.665466160363394,35.677135328896647],[139.665245471414323,35.677000513621877],[139.665112358709962,35.676918764726963],[139.664718009503105,35.676803738745214],[139.66437807225023,35.676667323890499],[139.664167272968768,35.676616806149688],[139.664092988785796,35.676598895454887],[139.663913726666976,35.676928024996933],[139.6637770934542,35.677267678444224],[139.663575519317305,35.677217311876682],[139.663374699382047,35.678020048058997],[139.663753764007225,35.677933027798531],[139.664109126065114,35.677826208073718],[139.664587242208285,35.677723136724921],[139.664670101262004,35.677934314918701],[139.664661174399583,35.678009426207673],[139.66473570155668,35.678013107913735],[139.664757540763787,35.678052489051488],[139.664823276612424,35.678066890364725],[139.664839039476021,35.67891116071057],[139.664510221370165,35.678903545453274],[139.663905259142837,35.678859767795473],[139.66390498691635,35.678988551037939],[139.663940381848789,35.679079524463418],[139.664029383365914,35.679288565298187],[139.664048211247348,35.679470714943513],[139.663984970345012,35.67955751749998],[139.663622255046903,35.679595576696848],[139.663166247159324,35.679625375411952],[139.66304808857555,35.679589116651059],[139.662981188385004,35.679566397821262],[139.66291497954316,35.679530249542168],[139.662755899325504,35.679606192671329],[139.662553105209838,35.679561555928174],[139.662300408884676,35.679787351085338],[139.662222380445996,35.679817361819453],[139.662054895527376,35.679817823603578],[139.661923490053255,35.68005658778732],[139.661780730464613,35.680149413553885],[139.661604284877427,35.6803351640377],[139.659973528233309,35.679854244591752],[139.659897966499472,35.679837736829704],[139.659579655513738,35.679862437598388],[139.659487909680706,35.679940437288906],[139.659421869845033,35.680004150497069],[139.660180949671286,35.680386338380231],[139.660296182043481,35.680626900070365],[139.660446448278094,35.68088754495453],[139.660649342585515,35.681142541421771],[139.660393024713073,35.681262371515459],[139.660142122177291,35.681310662424863],[139.660202687046024,35.681689945576451],[139.659935948977534,35.681761108132676],[139.660031856250413,35.682017382400339],[139.65958611607067,35.682138368873922],[139.659403666286693,35.682161000290307],[139.659464510629448,35.683218544090096],[139.65930315141668,35.683219741882361],[139.659399191934824,35.683414486880615],[139.659613358788533,35.683615359289021],[139.659975827206495,35.683615881758172],[139.660013430334942,35.683716890896633],[139.660732841570763,35.683924141945838],[139.660765773879177,35.683834517671251],[139.660543808545583,35.683744527827322],[139.660507297595416,35.683324736543256],[139.660271636724218,35.683080186299179],[139.660320867401339,35.681975119974446],[139.660356199489826,35.681968547419295],[139.660569842782564,35.681927931640509],[139.660627926744098,35.6818926127292],[139.660681291485503,35.681862725885885],[139.660733367317391,35.681835217686285],[139.660898217922124,35.681755056952859],[139.660889816688325,35.681613894845555],[139.661943529866107,35.680955264412709],[139.662136089401258,35.680923721611208],[139.66330562007559,35.680870272099114],[139.663571544883013,35.681563274268363],[139.663256372717314,35.681664736141755],[139.66289659706888,35.681780366754047],[139.662940801581072,35.681858701321183],[139.662214460414617,35.682068081051717],[139.661686680094874,35.681909034208665],[139.66166169091278,35.681965416153673],[139.661611824972198,35.68206790729576],[139.661549048519049,35.682202355147098],[139.661785511593735,35.682948322628448],[139.662258147937791,35.682829883500879],[139.662409332930139,35.682792745244214],[139.662535602812824,35.682762123539938],[139.662712570861373,35.682719490590856],[139.662956698407356,35.682659655941009],[139.66328376601831,35.682578939592446],[139.663236335170637,35.68249725384478],[139.663310378841032,35.682392767941458],[139.663445226528864,35.682216073258452],[139.663580465096942,35.682079530856164],[139.663743905736141,35.681968466754654],[139.663826682012967,35.681938413011558],[139.663890927749776,35.681927932057206],[139.663942855251975,35.6819194600412],[139.6640903068554,35.681912762595452],[139.664148954524364,35.68190965494955],[139.664172273802137,35.681909425365681],[139.664259462121606,35.681912325657109],[139.664348819730606,35.681914949501234],[139.664389168815319,35.681916022779632],[139.664482174957726,35.681919456557985],[139.664680438865162,35.681927626385495],[139.665109070965713,35.681927454117684],[139.665709829538969,35.681896096137272],[139.665740160209111,35.682069042220547],[139.665846371554295,35.682299331012139],[139.665448655937411,35.682314344174259],[139.665428074766822,35.682314315519356],[139.665373028293686,35.682318042634783],[139.665092205060148,35.682327952002382],[139.66503275386583,35.682329508632073],[139.664955879996057,35.682333726983295],[139.664858195867026,35.682338626490989],[139.664775986038052,35.682343266323407],[139.664635317755881,35.682346511941027],[139.664584625640771,35.68234372248817],[139.664479604285475,35.682341371632759],[139.664370291172446,35.682337268722499],[139.664344031191291,35.682336262954557],[139.664266821904505,35.68233236898471],[139.664240144440242,35.682330252123414],[139.664194597852514,35.682331441149053],[139.664050817769237,35.682330818455704],[139.663961960176664,35.682339736207439],[139.663961696013615,35.682339791721191],[139.663872736273447,35.682405951796952],[139.663697785352269,35.682651590577784],[139.663585875453748,35.682874723615512],[139.663390783676675,35.682721650717085],[139.663176708698956,35.683045692080647],[139.663115232165211,35.683088533024083],[139.663062550246906,35.683119461972744],[139.663065128804561,35.683281637474721],[139.663057859204912,35.683689971957676],[139.662789048758953,35.683744688228821],[139.66264900792595,35.683773333837088],[139.662560473448167,35.683791596377212],[139.662131349039441,35.683890842545281],[139.662296889090641,35.684396672353635],[139.666718833504831,35.685630847705255],[139.667275393084992,35.685781864065198],[139.667735688178681,35.685836157864657],[139.668757344371699,35.685841136132744],[139.668965083360575,35.683711665605273]]]]}},
{"type":"Feature","properties":{"A29_001":"13114","A29_002":"東京都","A29_003":"中野区","A29_004":10,"A29_005":"準工業地域","A29_006":60,"A29_007":300,"A29_008":null},"geometry":{"type":"MultiPolygon","coordinates":[[[[139.665341736101198,35.6859910063828],[139.665361196585962,35.685632347692376],[139.662452685405242,35.684811981886462],[139.662616218606729,35.685232548897112],[139.665341736101198,35.6859910063828]]]]}},
{"type":"Feature","properties":{"A29_001":"13114","A29_002":"東京都","A29_003":"中野区","A29_004":10,"A29_005":"準工業地域","A29_006":60,"A29_007":200,"A29_008":null},"geometry":{"type":"MultiPolygon","coordinates":[[[[139.665341736101198,35.6859910063828],[139.662616218606729,35.685232548897112],[139.663287586059027,35.687169861821666],[139.663330821488557,35.687459089413018],[139.66332576321966,35.688120886030106],[139.665285713981262,35.688171661347461],[139.665341736101198,35.6859910063828]]]]}},
{"type":"Feature","properties":{"A29_001":"13114","A29_002":"東京都","A29_003":"中野区","A29_004":8,"A29_005":"近隣商業地域","A29_006":80,"A29_007":300,"A29_008":null},"geometry":{"type":"MultiPolygon","coordinates":[[[[139.66328376601831,35.682578939592446],[139.663390783676675,35.682721650717085],[139.663585875453748,35.682874723615512],[139.663697785352269,35.682651590577784],[139.663872736273447,35.682405951796952],[139.663961960176664,35.682339736207439],[139.664050817769237,35.682330818455704],[139.664194597852514,35.682331441149053],[139.664240144440242,35.682330252123414],[139.664266821904505,35.68233236898471],[139.664344031191291,35.682336262954557],[139.664370291172446,35.682337268722499],[139.664479604285475,35.682341371632759],[139.664584625640771,35.68234372248817],[139.664635317755881,35.682346511941027],[139.664775986038052,35.682343266323407],[139.664858195867026,35.682338626490989],[139.664955879996057,35.682333726983295],[139.66503275386583,35.682329508632073],[139.665092205060148,35.682327952002382],[139.665373028293686,35.682318042634783],[139.665428074766822,35.682314315519356],[139.665448655937411,35.682314344174259],[139.665846371554295,35.682299331012139],[139.665740160209111,35.682069042220547],[139.665709829538969,35.681896096137272],[139.665109070965713,35.681927454117684],[139.664680438865162,35.681927626385495],[139.664482174957726,35.681919456557985],[139.664389168815319,35.681916022779632],[139.664348819730606,35.681914949501234],[139.664259462121606,35.681912325657109],[139.664172273802137,35.681909425365681],[139.664148954524364,35.68190965494955],[139.6640903068554,35.681912762595452],[139.663942855251975,35.6819194600412],[139.663890927749776,35.681927932057206],[139.663826682012967,35.681938413011558],[139.663743905736141,35.681968466754654],[139.663580465096942,35.682079530856164],[139.663445226528864,35.682216073258452],[139.663310378841032,35.682392767941458],[139.663236335170637,35.68249725384478],[139.66328376601831,35.682578939592446]]]]}},
{"type":"Feature","properties":{"A29_001":"13114","A29_002":"東京都","A29_003":"中野区","A29_004":5,"A29_005":"第一種住居地域","A29_006":60,"A29_007":200,"A29_008":null},"geometry":{"type":"MultiPolygon","coordinates":[[[[139.668065609407591,35.690471129622409],[139.668084606330609,35.690331878850628],[139.667959612377331,35.690317556936634],[139.667511260829713,35.690506617458027],[139.666880799174947,35.690357805485839],[139.666559845495982,35.690060444026045],[139.666121564199216,35.689952516569477],[139.665651356721696,35.689734838677182],[139.665671209443701,35.689328244660182],[139.665424556918339,35.689151419928045],[139.665492250750845,35.688933297987518],[139.665570188313808,35.688709228080498],[139.665661941356205,35.686077308417339],[139.665341736101198,35.6859910063828],[139.665285713981262,35.688171661347461],[139.66332576321966,35.688120886030106],[139.663522630898399,35.688335802920854],[139.663664599134705,35.688592377490124],[139.663795492270197,35.688902596041046],[139.663934016202717,35.689060789206316],[139.664127365850675,35.689213097085386],[139.665909674190658,35.690131011548097],[139.666209825783795,35.690308126472821],[139.666258616780084,35.690336917158369],[139.666517393395395,35.690465178426095],[139.666664465992454,35.690593211565115],[139.666732875249295,35.690705336911428],[139.668532459948949,35.690904863371799],[139.66855600803035,35.690826671627107],[139.668792551554162,35.690664823499439],[139.668804464528762,35.690557997268989],[139.668065609407591,35.690471129622409]]]]}},
{"type":"Feature","properties":{"A29_001":"13114","A29_002":"東京都","A29_003":"中野区","A29_004":8,"A29_005":"近隣商業地域","A29_006":80,"A29_007":300,"A29_008":null},"geometry":{"type":"MultiPolygon","coordinates":[[[[139.667054257467129,35.690989565949096],[139.666972084342888,35.691425868927134],[139.66719670920898,35.691479673684633],[139.667605128984718,35.691572222447981],[139.667920740588869,35.69162989357806],[139.66862611357837,35.691702446790877],[139.668723659856795,35.691180292111682],[139.667054257467129,35.690989565949096]]]]}},
{"type":"Feature","properties":{"A29_001":"13114","A29_002":"東京都","A29_003":"中野区","A29_004":1,"A29_005":"第一種低層住居専用地域","A29_006":60,"A29_007":150,"A29_008":null},"geometry":{"type":"MultiPolygon","coordinates":[[[[139.665661941356205,35.686077308417339],[139.665570188313808,35.688709228080498],[139.665492250750845,35.688933297987518],[139.665813569932141,35.689051796998498],[139.666216828038586,35.689129865997721],[139.666895882013961,35.689222920647332],[139.667582397768314,35.689450431222795],[139.668604907112353,35.689773793215352],[139.668485406979812,35.689173594347452],[139.668453736143533,35.688937448042509],[139.66868668084291,35.686540963816071],[139.667432534692125,35.686505376820463],[139.667197562649363,35.68647786517235],[139.667045634287433,35.686435807221471],[139.666978738259019,35.686422182712384],[139.66691229816729,35.686407144550287],[139.666846361507453,35.686390700913734],[139.666783014164594,35.68637342254641],[139.665661941356205,35.686077308417339]]]]}},
{"type":"Feature","properties":{"A29_001":"13114","A29_002":"東京都","A29_003":"中野区","A29_004":3,"A29_005":"第一種中高層住居専用地域","A29_006":60,"A29_007":200,"A29_008":null},"geometry":{"type":"MultiPolygon","coordinates":[[[[139.668604907112353,35.689773793215352],[139.667582397768314,35.689450431222795],[139.666895882013961,35.689222920647332],[139.666216828038586,35.689129865997721],[139.665813569932141,35.689051796998498],[139.665492250750845,35.688933297987518],[139.665424556918339,35.689151419928045],[139.665671209443701,35.689328244660182],[139.665651356721696,35.689734838677182],[139.666121564199216,35.689952516569477],[139.666559845495982,35.690060444026045],[139.666880799174947,35.690357805485839],[139.667511260829713,35.690506617458027],[139.667959612377331,35.690317556936634],[139.668084606330609,35.690331878850628],[139.668065609407591,35.690471129622409],[139.668804464528762,35.690557997268989],[139.668772047854731,35.690399597090916],[139.668604907112353,35.689773793215352]]]]}},
{"type":"Feature","properties":{"A29_001":"13114","A29_002":"東京都","A29_003":"中野区","A29_004":8,"A29_005":"近隣商業地域","A29_006":80,"A29_007":300,"A29_008":null},"geometry":{"type":"MultiPolygon","coordinates":[[[[139.669253742711902,35.680808021751496],[139.668973586537362,35.680585845652089],[139.668547954023211,35.680320542006257],[139.668368198559364,35.680318252559644],[139.668244379377882,35.680373017232256],[139.667652426601421,35.679995923055785],[139.667484260095819,35.679899819281594],[139.667651160865631,35.679759818023491],[139.667504117354468,35.679626539183154],[139.667356858019843,35.67959771768809],[139.66657438660684,35.678888326541497],[139.666120585351507,35.678683074274176],[139.665968846768578,35.67828077230395],[139.665437522618049,35.678293487487778],[139.665677049689918,35.678929627648309],[139.665756414654908,35.678996514832882],[139.665852188235817,35.679044345734717],[139.666051262452072,35.679126566039479],[139.666018395010497,35.679748974528181],[139.666242243489904,35.67974963958121],[139.666278004450618,35.679726440153004],[139.666542744109847,35.679766873202631],[139.666555607248796,35.679484997994962],[139.667163062745828,35.680021005372573],[139.66734182602741,35.680081350978931],[139.667543326874295,35.680171777139698],[139.66884990332295,35.68103212654291],[139.669181021385583,35.681205720830924],[139.669216663455671,35.680929600164802],[139.669253742711902,35.680808021751496]]]]}},
{"type":"Feature","properties":{"A29_001":"13114","A29_002":"東京都","A29_003":"中野区","A29_004":8,"A29_005":"近隣商業地域","A29_006":80,"A29_007":300,"A29_008":null},"geometry":{"type":"MultiPolygon","coordinates":[[[[139.66899869105319,35.683288156735486],[139.667951052094878,35.683282906378743],[139.667835113194229,35.683257072221799],[139.667754120238584,35.68324554160661],[139.667724082611159,35.683240763669438],[139.667654082161363,35.683229410329247],[139.667618888278838,35.683222550332211],[139.667503040352813,35.683200577970332],[139.667456961883971,35.68319106375175],[139.667406344392845,35.683182855661912],[139.667346504157734,35.683173491921593],[139.667256239633701,35.683158840292514],[139.667189729290385,35.683150217226093],[139.667011136246344,35.683121866377597],[139.666744126014407,35.683079725286071],[139.666438703970471,35.683198669234017],[139.666245211944869,35.683349927413552],[139.666300340240639,35.683385200137536],[139.666339675977497,35.683405917572067],[139.66639085352179,35.683428558682657],[139.666476716735474,35.683455944798865],[139.66653525018242,35.683468995558712],[139.666689080639514,35.683494128357488],[139.666806048545141,35.683513146558383],[139.666920218723959,35.683531289162246],[139.667102383896378,35.683560478831197],[139.667188705185652,35.683571137489672],[139.667268809574637,35.68358400579104],[139.667450376787514,35.683615582735747],[139.667484359294207,35.683622228392025],[139.667624775225818,35.683647054011111],[139.667765203608553,35.683666409082747],[139.667825496148964,35.683674692495174],[139.668965083360575,35.683711665605273],[139.66899869105319,35.683288156735486]]]]}},
{"type":"Feature","properties":{"A29_001":"13114","A29_002":"東京都","A29_003":"中野区","A29_004":3,"A29_005":"第一種中高層住居専用地域","A29_006":60,"A29_007":200,"A29_008":null},"geometry":{"type":"MultiPolygon","coordinates":[[[[139.669282055702979,35.680685000450929],[139.669154091610238,35.680653345587565],[139.668973586537362,35.680585845652089],[139.669253742711902,35.680808021751496],[139.669282055702979,35.680685000450929]]]]}},
{"type":"Feature","properties":{"A29_001":"13114","A29_002":"東京都","A29_003":"中野区","A29_004":3,"A29_005":"第一種中高層住居専用地域","A29_006":60,"A29_007":200,"A29_008":null},"geometry":{"type":"MultiPolygon","coordinates":[[[[139.670015488279432,35.681667972444501],[139.669894114032445,35.683279262574509],[139.670117070786205,35.683280848970654],[139.670337945814083,35.68328601510327],[139.670361185461928,35.683286562095077],[139.67055097737375,35.683293045990425],[139.670573475774205,35.68329464744275],[139.670719272947252,35.683305044916892],[139.670730540451189,35.683306903408074],[139.670730627701715,35.683306917947554],[139.670820443050332,35.683321730417902],[139.671037042822746,35.683357467517091],[139.671079310936364,35.683364438789688],[139.671129501222453,35.683372717772151],[139.671144544837091,35.683375198740599],[139.671253611893746,35.683393188861722],[139.671470184466529,35.68342891342769],[139.671686763866347,35.683464635811411],[139.671725894361828,35.683471090674573],[139.671902988119712,35.683503458037102],[139.671913682747743,35.683505635636358],[139.672128069060022,35.683549298049279],[139.672264738306239,35.683577123825188],[139.672339907104373,35.683591705580561],[139.672434671014287,35.683610095575794],[139.672555608213656,35.683633906970357],[139.672838374841916,35.6836973829909],[139.672990923867729,35.683424755928769],[139.672694228604769,35.68327745178123],[139.672158674984274,35.682986615291938],[139.671072338220029,35.682310934409195],[139.670015488279432,35.681667972444501]]]]}},
{"type":"Feature","properties":{"A29_001":"13114","A29_002":"東京都","A29_003":"中野区","A29_004":3,"A29_005":"第一種中高層住居専用地域","A29_006":60,"A29_007":200,"A29_008":null},"geometry":{"type":"MultiPolygon","coordinates":[[[[139.67012516925206,35.680917956776753],[139.670063281206495,35.681165423551782],[139.670887159922074,35.681662116306441],[139.672379495657566,35.682627135545808],[139.672859431847712,35.682887068904456],[139.672939597003307,35.682902144317005],[139.672514111319799,35.682550999247944],[139.672148122109292,35.682268616898909],[139.671954399997162,35.682084244578654],[139.671455123169665,35.68151215680178],[139.67117134363437,35.681342925324266],[139.67012516925206,35.680917956776753]]]]}},
{"type":"Feature","properties":{"A29_001":"13114","A29_002":"東京都","A29_003":"中野区","A29_004":3,"A29_005":"第一種中高層住居専用地域","A29_006":60,"A29_007":200,"A29_008":null},"geometry":{"type":"MultiPolygon","coordinates":[[[[139.674163470073779,35.693922583946872],[139.673667036601643,35.693898911868502],[139.67355137122135,35.693845814143792],[139.673232770492604,35.69352200159144],[139.673718385661743,35.692959899038655],[139.673817331879633,35.692783315850036],[139.673576344231236,35.692652136713328],[139.673380085043476,35.692544386714424],[139.672893050160042,35.69229724461708],[139.672621196485892,35.692161928105136],[139.672522083472018,35.692108105134508],[139.672438136479428,35.692062204604809],[139.672324077209964,35.692004028651738],[139.672209913895045,35.691946578051095],[139.672069359276065,35.691872730435271],[139.67199603851526,35.691830311368236],[139.671907325199783,35.691784542897906],[139.671821451923904,35.691743587858412],[139.671795773110091,35.691732206147471],[139.67175323251081,35.691716190439323],[139.671557216847305,35.691660580024681],[139.671319740829944,35.691602524927596],[139.671079083131389,35.69155261073265],[139.669575698682195,35.691397225486796],[139.66886045881526,35.694413778536045],[139.668976598648158,35.694584863254896],[139.670048819250923,35.695737971957094],[139.67010934972177,35.695875422876512],[139.670426313989594,35.696427235429688],[139.670717934333567,35.69679203866135],[139.670967638855018,35.697067113337333],[139.671095542190926,35.697140975205045],[139.673674076014493,35.697232160921644],[139.674163470073779,35.693922583946872]]]]}},
{"type":"Feature","properties":{"A29_001":"13114","A29_002":"東京都","A29_003":"中野区","A29_004":8,"A29_005":"近隣商業地域","A29_006":80,"A29_007":400,"A29_008":null},"geometry":{"type":"MultiPolygon","coordinates":[[[[139.66939600762089,35.695868729814066],[139.669849503757348,35.695851880687215],[139.67010934972177,35.695875422876512],[139.670048819250923,35.695737971957094],[139.668976598648158,35.694584863254896],[139.66886045881526,35.694413778536045],[139.669575698682195,35.691397225486796],[139.669579367156132,35.691291872005607],[139.669626171018393,35.69127762639868],[139.673218911207215,35.691679904249931],[139.673572023341308,35.691699452403846],[139.6741768275418,35.691730353764918],[139.67418226858311,35.691489914538678],[139.674743548587344,35.691499240821081],[139.674736016822891,35.691759659503141],[139.67538848684643,35.691778987236951],[139.676790771162672,35.691813101160271],[139.677337078181068,35.691826307080518],[139.681298616802934,35.691963974582414],[139.681368730508837,35.691989819786862],[139.681363327566231,35.692073213317329],[139.681385575319723,35.692187263152334],[139.68152515823968,35.692902847305177],[139.681980820127052,35.694931919567644],[139.682742242991964,35.695132051010013],[139.683141106247007,35.695357300053224],[139.682704452960394,35.693212791143175],[139.682515996555509,35.69224676360367],[139.68248791900578,35.692102835417018],[139.682418533466404,35.691747144110785],[139.682316903760466,35.691091039922135],[139.682025420879569,35.690884417484078],[139.681590213592386,35.69068353995133],[139.681204564791017,35.690363292295714],[139.681221971702172,35.69088404093506],[139.681264945660899,35.691346165295343],[139.681275716102419,35.691447536200656],[139.67808999158288,35.691340803133471],[139.674738730296667,35.691263934516776],[139.674634141224033,35.690933729633542],[139.674548155107772,35.690635097138305],[139.674527723119354,35.690324082124782],[139.674509287794933,35.690229926675386],[139.674394146613594,35.689914970827097],[139.67418968247884,35.689534074170112],[139.673146693858627,35.688234045116232],[139.6728989899716,35.687918732419192],[139.672779344733641,35.68775603963109],[139.672537093493844,35.687414634736932],[139.67252673435641,35.68733258106505],[139.672685535508208,35.686828376950601],[139.674697410316696,35.686958705387127],[139.67474177011789,35.686970630248247],[139.674786133365842,35.686983616007396],[139.676073152841951,35.687375387529244],[139.676551964230896,35.687521133475606],[139.678539453935713,35.68812608393889],[139.679096021513971,35.688293299775104],[139.678201715177039,35.687602062130857],[139.677437246348148,35.687047658376969],[139.675457075519887,35.686443617381549],[139.674931194435146,35.68629029432558],[139.674512716159029,35.686224874270671],[139.672321689467537,35.686109397600895],[139.670759794728184,35.685984698885676],[139.669626949405142,35.68591161740332],[139.669842012896282,35.68371858335265],[139.669894114032445,35.683279262574509],[139.670015488279432,35.681667972444501],[139.670063281206495,35.681165423551782],[139.67012516925206,35.680917956776753],[139.669674752745152,35.680762805046967],[139.669452129057589,35.68070812692963],[139.669282055702979,35.680685000450929],[139.669253742711902,35.680808021751496],[139.669216663455671,35.680929600164802],[139.669181021385583,35.681205720830924],[139.66899869105319,35.683288156735486],[139.668965083360575,35.683711665605273],[139.668757344371699,35.685841136132744],[139.667735688178681,35.685836157864657],[139.667275393084992,35.685781864065198],[139.666718833504831,35.685630847705255],[139.662296889090641,35.684396672353635],[139.660732841570763,35.683924141945838],[139.660013430334942,35.683716890896633],[139.660046154280138,35.683884635276399],[139.66009014561439,35.684078236027219],[139.660484481428853,35.684212952305565],[139.660319313839295,35.68455554151015],[139.662616218606729,35.685232548897112],[139.662452685405242,35.684811981886462],[139.665361196585962,35.685632347692376],[139.665341736101198,35.6859910063828],[139.665661941356205,35.686077308417339],[139.666783014164594,35.68637342254641],[139.666846361507453,35.686390700913734],[139.66691229816729,35.686407144550287],[139.666978738259019,35.686422182712384],[139.667045634287433,35.686435807221471],[139.667197562649363,35.68647786517235],[139.667432534692125,35.686505376820463],[139.66868668084291,35.686540963816071],[139.668453736143533,35.688937448042509],[139.668485406979812,35.689173594347452],[139.668604907112353,35.689773793215352],[139.668772047854731,35.690399597090916],[139.668804464528762,35.690557997268989],[139.668792551554162,35.690664823499439],[139.66855600803035,35.690826671627107],[139.668532459948949,35.690904863371799],[139.666732875249295,35.690705336911428],[139.666811025440609,35.690785210096863],[139.666868807182283,35.690841084501812],[139.666937748600134,35.690896974284378],[139.667054257467129,35.690989565949096],[139.668723659856795,35.691180292111682],[139.66862611357837,35.691702446790877],[139.668305704128699,35.693077650622207],[139.667984938117286,35.69409793751948],[139.667336306652743,35.695109835532342],[139.667104235904191,35.695443503711452],[139.666908056299633,35.695728702241006],[139.666875323611151,35.695863879416557],[139.666883464483078,35.696155282686519],[139.667005331291762,35.697034555832516],[139.667077401943402,35.697033045603504],[139.667340997539725,35.696806846258013],[139.667528074335678,35.696823798207312],[139.667818399777019,35.697031383763175],[139.667897336124156,35.697032207736328],[139.667769723792674,35.696240452499985],[139.667779473620698,35.696049675887302],[139.667800665387801,35.695981020620948],[139.668479651414515,35.694923162297499],[139.66939600762089,35.695868729814066]],[[139.669661819589692,35.690332031207944],[139.669472415670697,35.689651940291071],[139.669343176686652,35.688950689659769],[139.669562533376762,35.686610229859525],[139.671008564598878,35.686714290899531],[139.672130890024789,35.686815963851508],[139.672011953397998,35.687086488312239],[139.671957948380594,35.687321177458401],[139.671972300579682,35.687452365035966],[139.67200367049378,35.687570607636552],[139.672140637586324,35.687783045317651],[139.673704295987875,35.689763655742993],[139.673809019385317,35.689938067531067],[139.673958219193167,35.690251280370859],[139.673972444723148,35.690448051622134],[139.673975251800329,35.690616147483141],[139.674068064489916,35.690986403316188],[139.674158789479719,35.691230734766606],[139.672666658862084,35.691115933969655],[139.669662673273336,35.690772757742799],[139.66968928779383,35.690623977567547],[139.669661819589692,35.690332031207944]]]]}},
{"type":"Feature","properties":{"A29_001":"13114","A29_002":"東京都","A29_003":"中野区","A29_004":5,"A29_005":"第一種住居地域","A29_006":60,"A29_007":200,"A29_008":null},"geometry":{"type":"MultiPolygon","coordinates":[[[[139.682316903760466,35.691091039922135],[139.682418533466404,35.691747144110785],[139.68248791900578,35.692102835417018],[139.682515996555509,35.69224676360367],[139.683014852617532,35.692370708385994],[139.683579457784958,35.692590773107334],[139.683768937010569,35.692171437174771],[139.683674052601987,35.69217384746613],[139.683540277589003,35.692164809338784],[139.683375742883271,35.69203677754389],[139.683016931717134,35.691688330990146],[139.682961387313583,35.691573806345687],[139.682418085533669,35.691161256726275],[139.682316903760466,35.691091039922135]]]]}},
{"type":"Feature","properties":{"A29_001":"13114","A29_002":"東京都","A29_003":"中野区","A29_004":5,"A29_005":"第一種住居地域","A29_006":60,"A29_007":300,"A29_008":null},"geometry":{"type":"MultiPolygon","coordinates":[[[[139.681264945660899,35.691346165295343],[139.680063117972622,35.691121058865939],[139.679846233427838,35.691027565616558],[139.679583396942604,35.690886522429878],[139.678462303476351,35.690692814557721],[139.678219173193156,35.690642896073243],[139.677875456399761,35.690604294661668],[139.677879819159187,35.690766471987224],[139.677998435266687,35.691106231686973],[139.67808999158288,35.691340803133471],[139.681275716102419,35.691447536200656],[139.681264945660899,35.691346165295343]]]]}},
{"type":"Feature","properties":{"A29_001":"13114","A29_002":"東京都","A29_003":"中野区","A29_004":8,"A29_005":"近隣商業地域","A29_006":80,"A29_007":300,"A29_008":null},"geometry":{"type":"MultiPolygon","coordinates":[[[[139.680126873161669,35.690653635761834],[139.679987479579381,35.690574981919092],[139.679901680148191,35.690526864143308],[139.679840305552347,35.690498043226739],[139.679638340613707,35.690442979465139],[139.678643232170629,35.690284302953401],[139.678255326344129,35.690209705724783],[139.67795634965384,35.690165676949228],[139.677955782930866,35.690186567749301],[139.677946176511256,35.690316292713128],[139.67789923587452,35.690402087721466],[139.677875456399761,35.690604294661668],[139.678219173193156,35.690642896073243],[139.678462303476351,35.690692814557721],[139.679583396942604,35.690886522429878],[139.679846233427838,35.691027565616558],[139.680063117972622,35.691121058865939],[139.681264945660899,35.691346165295343],[139.681221971702172,35.69088404093506],[139.680275703478657,35.690710685176214],[139.680126873161669,35.690653635761834]]]]}},
{"type":"Feature","properties":{"A29_001":"13114","A29_002":"東京都","A29_003":"中野区","A29_004":5,"A29_005":"第一種住居地域","A29_006":60,"A29_007":200,"A29_008":null},"geometry":{"type":"MultiPolygon","coordinates":[[[[139.681363327566231,35.692073213317329],[139.681368730508837,35.691989819786862],[139.681298616802934,35.691963974582414],[139.677337078181068,35.691826307080518],[139.677263220786756,35.69312263053596],[139.677511261934853,35.693056175305813],[139.679059765565086,35.692574993654958],[139.6807124895426,35.692104894635534],[139.680927261798018,35.692057607688852],[139.681363327566231,35.692073213317329]]]]}},
{"type":"Feature","properties":{"A29_001":"13114","A29_002":"東京都","A29_003":"中野区","A29_004":3,"A29_005":"第一種中高層住居専用地域","A29_006":60,"A29_007":200,"A29_008":null},"geometry":{"type":"MultiPolygon","coordinates":[[[[139.681204564791017,35.690363292295714],[139.680319989296322,35.689642413462551],[139.680184622777745,35.689497240728976],[139.680054087399867,35.68927194207582],[139.679851149108543,35.688996945514361],[139.679637483662589,35.688848920375655],[139.679410001124097,35.688589426593985],[139.679096021513971,35.688293299775104],[139.678539453935713,35.68812608393889],[139.676551964230896,35.687521133475606],[139.676527951842246,35.687749183423009],[139.676480916387533,35.688148656658981],[139.676449797680704,35.68847721897545],[139.676670648243999,35.688592491146501],[139.676451261319244,35.688961384649453],[139.676374815758948,35.688925176303805],[139.676310129910235,35.688896456534984],[139.676250543213399,35.688864310967396],[139.676123032347022,35.688797274123559],[139.676014961095973,35.688739234722441],[139.675981652586216,35.688719252106878],[139.675909276658956,35.688686785016088],[139.675837172883945,35.688654732866297],[139.675782359101333,35.688630199941151],[139.675713565735379,35.688599233683824],[139.675423103452943,35.688496770138414],[139.675400006186948,35.688492138404449],[139.675355823378425,35.688482450310985],[139.675227061683415,35.68845101309136],[139.674550215549345,35.688335164088016],[139.674245390557559,35.688273501081532],[139.673573529370429,35.688217918151167],[139.673146693858627,35.688234045116232],[139.67418968247884,35.689534074170112],[139.674394146613594,35.689914970827097],[139.674509287794933,35.690229926675386],[139.677955782930866,35.690186567749301],[139.67795634965384,35.690165676949228],[139.678255326344129,35.690209705724783],[139.678643232170629,35.690284302953401],[139.679638340613707,35.690442979465139],[139.679840305552347,35.690498043226739],[139.679901680148191,35.690526864143308],[139.679987479579381,35.690574981919092],[139.680126873161669,35.690653635761834],[139.680275703478657,35.690710685176214],[139.681221971702172,35.69088404093506],[139.681204564791017,35.690363292295714]]]]}},
{"type":"Feature","properties":{"A29_001":"13114","A29_002":"東京都","A29_003":"中野区","A29_004":8,"A29_005":"近隣商業地域","A29_006":80,"A29_007":300,"A29_008":null},"geometry":{"type":"MultiPolygon","coordinates":[[[[139.676997471650225,35.693154624637124],[139.677143666258047,35.693144320949713],[139.677263220786756,35.69312263053596],[139.677337078181068,35.691826307080518],[139.676790771162672,35.691813101160271],[139.676741367085867,35.693158107570845],[139.676997471650225,35.693154624637124]]]]}},
{"type":"Feature","properties":{"A29_001":"13114","A29_002":"東京都","A29_003":"中野区","A29_004":5,"A29_005":"第一種住居地域","A29_006":60,"A29_007":200,"A29_008":null},"geometry":{"type":"MultiPolygon","coordinates":[[[[139.67789923587452,35.690402087721466],[139.677946176511256,35.690316292713128],[139.677955782930866,35.690186567749301],[139.674509287794933,35.690229926675386],[139.674527723119354,35.690324082124782],[139.674548155107772,35.690635097138305],[139.674634141224033,35.690933729633542],[139.674738730296667,35.691263934516776],[139.67808999158288,35.691340803133471],[139.677998435266687,35.691106231686973],[139.677879819159187,35.690766471987224],[139.677875456399761,35.690604294661668],[139.67789923587452,35.690402087721466]]]]}},
{"type":"Feature","properties":{"A29_001":"13114","A29_002":"東京都","A29_003":"中野区","A29_004":5,"A29_005":"第一種住居地域","A29_006":60,"A29_007":200,"A29_008":null},"geometry":{"type":"MultiPolygon","coordinates":[[[[139.676741367085867,35.693158107570845],[139.676790771162672,35.691813101160271],[139.67538848684643,35.691778987236951],[139.675395761149844,35.693132785112255],[139.676425440158681,35.69314578120737],[139.676561474356077,35.693149709663409],[139.676741367085867,35.693158107570845]]]]}},
{"type":"Feature","properties":{"A29_001":"13114","A29_002":"東京都","A29_003":"中野区","A29_004":9,"A29_005":"商業地域","A29_006":80,"A29_007":400,"A29_008":null},"geometry":{"type":"MultiPolygon","coordinates":[[[[139.676997471650225,35.693154624637124],[139.676741367085867,35.693158107570845],[139.676561474356077,35.693149709663409],[139.676425440158681,35.69314578120737],[139.675395761149844,35.693132785112255],[139.674778937625291,35.693116234084997],[139.674736016822891,35.691759659503141],[139.674743548587344,35.691499240821081],[139.67418226858311,35.691489914538678],[139.6741768275418,35.691730353764918],[139.674190314260585,35.692737692883135],[139.6742283896468,35.692996740835],[139.674217057965649,35.693403108845295],[139.674163470073779,35.693922583946872],[139.674379250474431,35.693935150579463],[139.674493496289188,35.693984848678021],[139.674709338838426,35.694024031585634],[139.674812051519979,35.694042788702568],[139.674850953213252,35.694049789387726],[139.674993552822258,35.694074256885663],[139.675088219459923,35.694088589420438],[139.675296485363276,35.694123346179225],[139.675357908708889,35.694131302820537],[139.675410617532378,35.694141373436409],[139.675446805580151,35.69414722473195],[139.675540040169409,35.694164469151289],[139.67562869079697,35.694181473146919],[139.675710764998371,35.694198912852627],[139.675846649416599,35.694231706372129],[139.676077867322306,35.69429124417568],[139.676166384471713,35.69431222442897],[139.676388262496772,35.694357095050634],[139.676673187778619,35.694399076306311],[139.676762259009905,35.694408588761156],[139.676821111707312,35.694075079493679],[139.676838241842461,35.69394671293847],[139.676857794323269,35.693828964010187],[139.676964179183528,35.693485999767589],[139.676997471650225,35.693154624637124]]]]}},
{"type":"Feature","properties":{"A29_001":"13114","A29_002":"東京都","A29_003":"中野区","A29_004":3,"A29_005":"第一種中高層住居専用地域","A29_006":60,"A29_007":200,"A29_008":null},"geometry":{"type":"MultiPolygon","coordinates":[[[[139.686487752808233,35.695980924479208],[139.685558760035804,35.694146596776761],[139.685408984196982,35.693918955202129],[139.68490559970158,35.693421088753936],[139.684345127197673,35.692969654630723],[139.683579457784958,35.692590773107334],[139.683014852617532,35.692370708385994],[139.682515996555509,35.69224676360367],[139.682704452960394,35.693212791143175],[139.683141106247007,35.695357300053224],[139.683600205522254,35.695617346505102],[139.68419782080349,35.69591238207488],[139.684575837685202,35.696071682545707],[139.684604892036845,35.696169498358593],[139.684759904450431,35.696136301517782],[139.686487752808233,35.695980924479208]]]]}},
{"type":"Feature","properties":{"A29_001":"13114","A29_002":"東京都","A29_003":"中野区","A29_004":8,"A29_005":"近隣商業地域","A29_006":80,"A29_007":300,"A29_008":null},"geometry":{"type":"MultiPolygon","coordinates":[[[[139.673668664058908,35.683422204629288],[139.673522817968035,35.683312165408196],[139.6734439050567,35.683306336920957],[139.673218041282325,35.683112861422664],[139.673079645819229,35.683032545298566],[139.672939597003307,35.682902144317005],[139.672859431847712,35.682887068904456],[139.672379495657566,35.682627135545808],[139.670887159922074,35.681662116306441],[139.670063281206495,35.681165423551782],[139.670015488279432,35.681667972444501],[139.671072338220029,35.682310934409195],[139.672158674984274,35.682986615291938],[139.672694228604769,35.68327745178123],[139.672990923867729,35.683424755928769],[139.672838374841916,35.6836973829909],[139.672555608213656,35.683633906970357],[139.672434671014287,35.683610095575794],[139.672339907104373,35.683591705580561],[139.672264738306239,35.683577123825188],[139.672128069060022,35.683549298049279],[139.671913682747743,35.683505635636358],[139.671902988119712,35.683503458037102],[139.671725894361828,35.683471090674573],[139.671686763866347,35.683464635811411],[139.671470184466529,35.68342891342769],[139.671253611893746,35.683393188861722],[139.671144544837091,35.683375198740599],[139.671129501222453,35.683372717772151],[139.671079310936364,35.683364438789688],[139.671037042822746,35.683357467517091],[139.670820443050332,35.683321730417902],[139.670730627701715,35.683306917947554],[139.670730540451189,35.683306903408074],[139.670719272947252,35.683305044916892],[139.670573475774205,35.68329464744275],[139.67055097737375,35.683293045990425],[139.670361185461928,35.683286562095077],[139.670337945814083,35.68328601510327],[139.670117070786205,35.683280848970654],[139.669894114032445,35.683279262574509],[139.669842012896282,35.68371858335265],[139.670323384302151,35.683700473265553],[139.670343230243191,35.683700939958854],[139.670518243951989,35.683706918998489],[139.670529304866477,35.683707706404299],[139.670572024090831,35.683710753006963],[139.670646569541844,35.683716069815546],[139.670719746852512,35.68372813868335],[139.670936310135744,35.683763868705739],[139.670979296342637,35.683770959961734],[139.671054599814994,35.683783380318324],[139.671152904553679,35.683799595677236],[139.671369473762894,35.683835318620567],[139.671586058630311,35.683871042998966],[139.671619976308079,35.683876638210982],[139.671785889853453,35.68390696087409],[139.671790612121043,35.683907922650221],[139.672004983980599,35.683951581660189],[139.672144428038337,35.683979973740229],[139.67222234933098,35.683995089253521],[139.672316258894682,35.684013312350054],[139.672436386048673,35.684036964143608],[139.672651203279599,35.68407924891514],[139.672957901252857,35.684132425196722],[139.673008975357732,35.683938294277404],[139.673258704482038,35.683999391467168],[139.673481522153764,35.68366962007353],[139.673554320253515,35.683517084357824],[139.673668664058908,35.683422204629288]]]]}},
{"type":"Feature","properties":{"A29_001":"13114","A29_002":"東京都","A29_003":"中野区","A29_004":8,"A29_005":"近隣商業地域","A29_006":80,"A29_007":300,"A29_008":null},"geometry":{"type":"MultiPolygon","coordinates":[[[[139.67538848684643,35.691778987236951],[139.674736016822891,35.691759659503141],[139.674778937625291,35.693116234084997],[139.675395761149844,35.693132785112255],[139.67538848684643,35.691778987236951]]]]}},
{"type":"Feature","properties":{"A29_001":"13114","A29_002":"東京都","A29_003":"中野区","A29_004":8,"A29_005":"近隣商業地域","A29_006":80,"A29_007":300,"A29_008":null},"geometry":{"type":"MultiPolygon","coordinates":[[[[139.676073152841951,35.687375387529244],[139.676016804950564,35.688092721890513],[139.675991915803422,35.688262492730857],[139.675558379215261,35.688118832614322],[139.674820819756633,35.687975724970251],[139.674442144395414,35.687882692484401],[139.67404465278554,35.687844009149401],[139.673636840030696,35.687810802231105],[139.673101038091175,35.687831309515154],[139.672958429363121,35.687807270836331],[139.672779344733641,35.68775603963109],[139.6728989899716,35.687918732419192],[139.673146693858627,35.688234045116232],[139.673573529370429,35.688217918151167],[139.674245390557559,35.688273501081532],[139.674550215549345,35.688335164088016],[139.675227061683415,35.68845101309136],[139.675355823378425,35.688482450310985],[139.675400006186948,35.688492138404449],[139.675423103452943,35.688496770138414],[139.675713565735379,35.688599233683824],[139.675782359101333,35.688630199941151],[139.675837172883945,35.688654732866297],[139.675909276658956,35.688686785016088],[139.675981652586216,35.688719252106878],[139.676014961095973,35.688739234722441],[139.676123032347022,35.688797274123559],[139.676250543213399,35.688864310967396],[139.676310129910235,35.688896456534984],[139.676374815758948,35.688925176303805],[139.676451261319244,35.688961384649453],[139.676670648243999,35.688592491146501],[139.676569350274178,35.68854159916657],[139.676449797680704,35.68847721897545],[139.676480916387533,35.688148656658981],[139.676527951842246,35.687749183423009],[139.676551964230896,35.687521133475606],[139.676073152841951,35.687375387529244]]]]}},
{"type":"Feature","properties":{"A29_001":"13114","A29_002":"東京都","A29_003":"中野区","A29_004":3,"A29_005":"第一種中高層住居専用地域","A29_006":60,"A29_007":200,"A29_008":null},"geometry":{"type":"MultiPolygon","coordinates":[[[[139.676073152841951,35.687375387529244],[139.674786133365842,35.686983616007396],[139.67474177011789,35.686970630248247],[139.674697410316696,35.686958705387127],[139.672685535508208,35.686828376950601],[139.67252673435641,35.68733258106505],[139.672537093493844,35.687414634736932],[139.672779344733641,35.68775603963109],[139.672958429363121,35.687807270836331],[139.673101038091175,35.687831309515154],[139.673636840030696,35.687810802231105],[139.67404465278554,35.687844009149401],[139.674442144395414,35.687882692484401],[139.674820819756633,35.687975724970251],[139.675558379215261,35.688118832614322],[139.675991915803422,35.688262492730857],[139.676016804950564,35.688092721890513],[139.676073152841951,35.687375387529244]]]]}},
{"type":"Feature","properties":{"A29_001":"13114","A29_002":"東京都","A29_003":"中野区","A29_004":8,"A29_005":"近隣商業地域","A29_006":80,"A29_007":300,"A29_008":null},"geometry":{"type":"MultiPolygon","coordinates":[[[[139.6741768275418,35.691730353764918],[139.673572023341308,35.691699452403846],[139.673555264019143,35.691894036142386],[139.673625411281051,35.691901760831904],[139.673698884242071,35.692488871924994],[139.673576344231236,35.692652136713328],[139.673817331879633,35.692783315850036],[139.6742283896468,35.692996740835],[139.674190314260585,35.692737692883135],[139.6741768275418,35.691730353764918]]]]}},
{"type":"Feature","properties":{"A29_001":"13114","A29_002":"東京都","A29_003":"中野区","A29_004":8,"A29_005":"近隣商業地域","A29_006":80,"A29_007":400,"A29_008":null},"geometry":{"type":"MultiPolygon","coordinates":[[[[139.6742283896468,35.692996740835],[139.673817331879633,35.692783315850036],[139.673718385661743,35.692959899038655],[139.673232770492604,35.69352200159144],[139.67355137122135,35.693845814143792],[139.673667036601643,35.693898911868502],[139.674163470073779,35.693922583946872],[139.674217057965649,35.693403108845295],[139.6742283896468,35.692996740835]]]]}},
{"type":"Feature","properties":{"A29_001":"13114","A29_002":"東京都","A29_003":"中野区","A29_004":3,"A29_005":"第一種中高層住居専用地域","A29_006":60,"A29_007":200,"A29_008":null},"geometry":{"type":"MultiPolygon","coordinates":[[[[139.68127662000802,35.696809256609804],[139.681287221428306,35.696460982770823],[139.681173179118218,35.696472286074275],[139.681154837711034,35.695969912662378],[139.681834475599317,35.69596499195417],[139.681962165434186,35.695976187778946],[139.682206123376687,35.695990316094964],[139.681980820127052,35.694931919567644],[139.68152515823968,35.692902847305177],[139.681385575319723,35.692187263152334],[139.681363327566231,35.692073213317329],[139.680927261798018,35.692057607688852],[139.6807124895426,35.692104894635534],[139.679059765565086,35.692574993654958],[139.677511261934853,35.693056175305813],[139.677263220786756,35.69312263053596],[139.677143666258047,35.693144320949713],[139.676997471650225,35.693154624637124],[139.676964179183528,35.693485999767589],[139.676857794323269,35.693828964010187],[139.676838241842461,35.69394671293847],[139.676821111707312,35.694075079493679],[139.676762259009905,35.694408588761156],[139.676673187778619,35.694399076306311],[139.676388262496772,35.694357095050634],[139.676166384471713,35.69431222442897],[139.676077867322306,35.69429124417568],[139.675846649416599,35.694231706372129],[139.675710764998371,35.694198912852627],[139.67562869079697,35.694181473146919],[139.675540040169409,35.694164469151289],[139.675446805580151,35.69414722473195],[139.675410617532378,35.694141373436409],[139.675357908708889,35.694131302820537],[139.675296485363276,35.694123346179225],[139.675088219459923,35.694088589420438],[139.674993552822258,35.694074256885663],[139.674850953213252,35.694049789387726],[139.674812051519979,35.694042788702568],[139.674709338838426,35.694024031585634],[139.674256132033747,35.697251375862294],[139.674980151870244,35.697275925897088],[139.675015752767905,35.697277071425802],[139.675051010264212,35.697278084892048],[139.675086271317497,35.697278975766856],[139.67512153703106,35.697279744953107],[139.675156807404591,35.697280392450807],[139.675192080227959,35.697280918256979],[139.67522735549926,35.697281323273081],[139.675262632116898,35.697281605694911],[139.675297910078854,35.697281766423792],[139.675333188278245,35.697281806359655],[139.675368466718481,35.697281723699788],[139.675403745397603,35.697281519345474],[139.675439021000415,35.697281193292525],[139.675474295735,35.697280746445031],[139.675509567394869,35.697280176997474],[139.67554483597786,35.697279485851183],[139.675580100377232,35.697278673906119],[139.675615360596254,35.697277739359485],[139.675650615526308,35.697276684012643],[139.675685864083448,35.697275497047734],[139.6763961302577,35.697291321766038],[139.677726574835049,35.69719467285654],[139.677879424481574,35.697144008059475],[139.68127662000802,35.696809256609804]]]]}},
{"type":"Feature","properties":{"A29_001":"13114","A29_002":"東京都","A29_003":"中野区","A29_004":3,"A29_005":"第一種中高層住居専用地域","A29_006":60,"A29_007":200,"A29_008":null},"geometry":{"type":"MultiPolygon","coordinates":[[[[139.673668664058908,35.683422204629288],[139.673554320253515,35.683517084357824],[139.673481522153764,35.68366962007353],[139.673258704482038,35.683999391467168],[139.673008975357732,35.683938294277404],[139.672957901252857,35.684132425196722],[139.672651203279599,35.68407924891514],[139.672436386048673,35.684036964143608],[139.672316258894682,35.684013312350054],[139.67222234933098,35.683995089253521],[139.672144428038337,35.683979973740229],[139.672004983980599,35.683951581660189],[139.671790612121043,35.683907922650221],[139.671785889853453,35.68390696087409],[139.671619976308079,35.683876638210982],[139.671586058630311,35.683871042998966],[139.671369473762894,35.683835318620567],[139.671152904553679,35.683799595677236],[139.671054599814994,35.683783380318324],[139.670979296342637,35.683770959961734],[139.670936310135744,35.683763868705739],[139.670719746852512,35.68372813868335],[139.670646569541844,35.683716069815546],[139.670572024090831,35.683710753006963],[139.670529304866477,35.683707706404299],[139.670518243951989,35.683706918998489],[139.670343230243191,35.683700939958854],[139.670323384302151,35.683700473265553],[139.669842012896282,35.68371858335265],[139.669626949405142,35.68591161740332],[139.670759794728184,35.685984698885676],[139.672321689467537,35.686109397600895],[139.674512716159029,35.686224874270671],[139.674931194435146,35.68629029432558],[139.675457075519887,35.686443617381549],[139.677437246348148,35.687047658376969],[139.677351441518795,35.686968587588154],[139.677210439571553,35.686866009716567],[139.676501906591596,35.686349597944719],[139.67609865155859,35.686002496802374],[139.675869716310018,35.685696552704762],[139.675387464430941,35.684914872831904],[139.675332079145761,35.684836099116893],[139.675329289982983,35.684768126374671],[139.675351319596018,35.684714495482488],[139.674959901690499,35.684568503532624],[139.674685176173512,35.684147925932486],[139.674325872657391,35.683729620885657],[139.674167107800287,35.683601581503424],[139.674009581362327,35.68356146389074],[139.673881507394356,35.683518930312111],[139.673765277001166,35.683465325440537],[139.673713266938876,35.683442112043465],[139.673668664058908,35.683422204629288]]]]}},
{"type":"Feature","properties":{"A29_001":"13114","A29_002":"東京都","A29_003":"中野区","A29_004":5,"A29_005":"第一種住居地域","A29_006":60,"A29_007":200,"A29_008":null},"geometry":{"type":"MultiPolygon","coordinates":[[[[139.673228902571026,35.690641615426081],[139.669946030385489,35.690303798744331],[139.669661819589692,35.690332031207944],[139.66968928779383,35.690623977567547],[139.669662673273336,35.690772757742799],[139.672638943674343,35.691112768134161],[139.674158789479719,35.691230734766606],[139.674068064489916,35.690986403316188],[139.673975251800329,35.690616147483141],[139.673228902571026,35.690641615426081]]]]}},
{"type":"Feature","properties":{"A29_001":"13114","A29_002":"東京都","A29_003":"中野区","A29_004":3,"A29_005":"第一種中高層住居専用地域","A29_006":60,"A29_007":200,"A29_008":null},"geometry":{"type":"MultiPolygon","coordinates":[[[[139.673975251800329,35.690616147483141],[139.673972444723148,35.690448051622134],[139.673958219193167,35.690251280370859],[139.673809019385317,35.689938067531067],[139.673704295987875,35.689763655742993],[139.672140637586324,35.687783045317651],[139.67200367049378,35.687570607636552],[139.671972300579682,35.687452365035966],[139.671957948380594,35.687321177458401],[139.672011953397998,35.687086488312239],[139.672130890024789,35.686815963851508],[139.671008564598878,35.686714290899531],[139.669562533376762,35.686610229859525],[139.669343176686652,35.688950689659769],[139.669472415670697,35.689651940291071],[139.669661819589692,35.690332031207944],[139.669946030385489,35.690303798744331],[139.673228902571026,35.690641615426081],[139.673975251800329,35.690616147483141]]]]}},
{"type":"Feature","properties":{"A29_001":"13114","A29_002":"東京都","A29_003":"中野区","A29_004":5,"A29_005":"第一種住居地域","A29_006":60,"A29_007":200,"A29_008":null},"geometry":{"type":"MultiPolygon","coordinates":[[[[139.673572023341308,35.691699452403846],[139.673218911207215,35.691679904249931],[139.669626171018393,35.69127762639868],[139.669579367156132,35.691291872005607],[139.669575698682195,35.691397225486796],[139.671079083131389,35.69155261073265],[139.671319740829944,35.691602524927596],[139.671557216847305,35.691660580024681],[139.67175323251081,35.691716190439323],[139.671795773110091,35.691732206147471],[139.671821451923904,35.691743587858412],[139.671907325199783,35.691784542897906],[139.67199603851526,35.691830311368236],[139.672069359276065,35.691872730435271],[139.672209913895045,35.691946578051095],[139.672324077209964,35.692004028651738],[139.672438136479428,35.692062204604809],[139.672522083472018,35.692108105134508],[139.672621196485892,35.692161928105136],[139.672893050160042,35.69229724461708],[139.673380085043476,35.692544386714424],[139.673576344231236,35.692652136713328],[139.673698884242071,35.692488871924994],[139.673625411281051,35.691901760831904],[139.673555264019143,35.691894036142386],[139.673572023341308,35.691699452403846]]]]}},
{"type":"Feature","properties":{"A29_001":"13114","A29_002":"東京都","A29_003":"中野区","A29_004":3,"A29_005":"第一種中高層住居専用地域","A29_006":60,"A29_007":200,"A29_008":null},"geometry":{"type":"MultiPolygon","coordinates":[[[[139.651384783883998,35.709030053672535],[139.651029814340319,35.708977265168009],[139.651008268175588,35.709150140424292],[139.65135720130445,35.709162018205006],[139.651384783883998,35.709030053672535]]]]}},
{"type":"Feature","properties":{"A29_001":"13114","A29_002":"東京都","A29_003":"中野区","A29_004":3,"A29_005":"第一種中高層住居専用地域","A29_006":60,"A29_007":200,"A29_008":null},"geometry":{"type":"MultiPolygon","coordinates":[[[[139.653743406901299,35.709312694172688],[139.652860372785966,35.709195616141763],[139.651831449706435,35.709074424692425],[139.651820290784514,35.709198967498516],[139.653734156567083,35.709390039573051],[139.653743406901299,35.709312694172688]]]]}},
{"type":"Feature","properties":{"A29_001":"13114","A29_002":"東京都","A29_003":"中野区","A29_004":8,"A29_005":"近隣商業地域","A29_006":80,"A29_007":300,"A29_008":null},"geometry":{"type":"MultiPolygon","coordinates":[[[[139.654781853919161,35.709132528067371],[139.654463987939039,35.709119550394043],[139.654079086517697,35.709091061154666],[139.654069681223575,35.709150677743509],[139.654405321213034,35.709202456654097],[139.654606092304618,35.709384005042438],[139.654761629537262,35.70939472933447],[139.654781853919161,35.709132528067371]]]]}},
{"type":"Feature","properties":{"A29_001":"13114","A29_002":"東京都","A29_003":"中野区","A29_004":8,"A29_005":"近隣商業地域","A29_006":80,"A29_007":400,"A29_008":null},"geometry":{"type":"MultiPolygon","coordinates":[[[[139.65397858622913,35.709339153995124],[139.653873250180169,35.709409648955727],[139.653734156567083,35.709390039573051],[139.653725501352937,35.70947364614203],[139.65347959508901,35.709599677007397],[139.653465234432957,35.70975181273775],[139.653566306971186,35.709854396099125],[139.653645161316973,35.709934427696801],[139.653652711326231,35.709942090629632],[139.653719625000775,35.710009986441442],[139.653766423708106,35.710057482329276],[139.653986404674242,35.710301704079086],[139.654372578526278,35.710216423618341],[139.654506154119304,35.710110733968342],[139.656294572497131,35.710184472571157],[139.660267566195927,35.710281089033217],[139.660511746301296,35.710288677979825],[139.662714383572421,35.710340712422102],[139.662752696726727,35.709898158792313],[139.663019075237997,35.709646198369796],[139.656722988411133,35.709473601330465],[139.654761629537262,35.70939472933447],[139.654606092304618,35.709384005042438],[139.654405321213034,35.709202456654097],[139.654069681223575,35.709150677743509],[139.654032591745136,35.709345230041613],[139.65397858622913,35.709339153995124]]]]}},
{"type":"Feature","properties":{"A29_001":"13114","A29_002":"東京都","A29_003":"中野区","A29_004":3,"A29_005":"第一種中高層住居専用地域","A29_006":60,"A29_007":200,"A29_008":null},"geometry":{"type":"MultiPolygon","coordinates":[[[[139.663280202271437,35.709469434825102],[139.663301449689015,35.708341166013618],[139.662592306425665,35.708345781506459],[139.662593378977164,35.708229720806898],[139.662593878556635,35.708212532810691],[139.662594828558696,35.70818003463873],[139.662609720922262,35.707667487898881],[139.660139330696381,35.707643911433195],[139.660093675697482,35.708279860785574],[139.657996574177531,35.708253200887455],[139.657927605868196,35.709281808298812],[139.65681944689166,35.709251569772348],[139.656685071329434,35.709191750885203],[139.656082766664042,35.709167016688525],[139.655404542735823,35.709094469876128],[139.655282613089923,35.709096480319843],[139.655027728067154,35.709128972399739],[139.654781853919161,35.709132528067371],[139.654761629537262,35.70939472933447],[139.656722988411133,35.709473601330465],[139.663019075237997,35.709646198369796],[139.663211566375054,35.709465725860589],[139.663280202271437,35.709469434825102]]]]}},
{"type":"Feature","properties":{"A29_001":"13114","A29_002":"東京都","A29_003":"中野区","A29_004":1,"A29_005":"第一種低層住居専用地域","A29_006":60,"A29_007":150,"A29_008":null},"geometry":{"type":"MultiPolygon","coordinates":[[[[139.660738404205347,35.695799941510487],[139.660401879370966,35.696547090254036],[139.660807977134084,35.696622541265278],[139.66088921591566,35.696225579609305],[139.661234122996234,35.696261846332391],[139.661287086621172,35.695899446092106],[139.660738404205347,35.695799941510487]]]]}},
{"type":"Feature","properties":{"A29_001":"13114","A29_002":"東京都","A29_003":"中野区","A29_004":8,"A29_005":"近隣商業地域","A29_006":80,"A29_007":300,"A29_008":null},"geometry":{"type":"MultiPolygon","coordinates":[[[[139.664237682783579,35.703892261741657],[139.663613531641886,35.703857548068164],[139.662461627580797,35.703123285609891],[139.662196197176996,35.702960498710027],[139.6620009260632,35.702804250263426],[139.661328970555871,35.702422236997556],[139.661254188223182,35.702211726079391],[139.660929719128632,35.702083967852367],[139.660985232102377,35.702374047858108],[139.6610598601915,35.702477181183475],[139.661108816258803,35.702553567160152],[139.661096612140653,35.702790129041887],[139.661409702908685,35.7029508400663],[139.661746071224428,35.70316500459753],[139.661895518910285,35.703283507210521],[139.663397547600084,35.704228138618809],[139.663535482162388,35.704262675435515],[139.664164915142891,35.704289956138766],[139.664200479313422,35.704063920256736],[139.664237682783579,35.703892261741657]]]]}},
{"type":"Feature","properties":{"A29_001":"13114","A29_002":"東京都","A29_003":"中野区","A29_004":3,"A29_005":"第一種中高層住居専用地域","A29_006":60,"A29_007":200,"A29_008":null},"geometry":{"type":"MultiPolygon","coordinates":[[[[139.66514085266931,35.702379401647043],[139.665089396438646,35.702192355712967],[139.665049925275838,35.702053023964595],[139.664822792352282,35.70158697033478],[139.66454038531856,35.701086347517894],[139.664243103312515,35.700639482001129],[139.664092406924141,35.700559138471213],[139.662390755845166,35.700528707686978],[139.661550181471227,35.700492177707787],[139.661542779570681,35.700632323832608],[139.661509456805675,35.701173642473137],[139.661339365772108,35.701411886851361],[139.661128756031445,35.701456898315428],[139.660675636409593,35.701425245865984],[139.660856140489159,35.701783235570922],[139.660901570710962,35.702001691373702],[139.660929719128632,35.702083967852367],[139.661254188223182,35.702211726079391],[139.661328970555871,35.702422236997556],[139.6620009260632,35.702804250263426],[139.662196197176996,35.702960498710027],[139.662461627580797,35.703123285609891],[139.663613531641886,35.703857548068164],[139.664237682783579,35.703892261741657],[139.664276465202619,35.703803598977288],[139.664325710035513,35.703745000278772],[139.664383720355062,35.703689275709756],[139.664468045366732,35.70363358803273],[139.664538338741494,35.703576449696286],[139.664591275802138,35.703430569740007],[139.664677716347285,35.703203174071895],[139.664758760952424,35.703038731407737],[139.664820387463976,35.702931498440073],[139.664913585200338,35.702827171464754],[139.665006152935803,35.702749464674007],[139.665214178046256,35.702543463926098],[139.66514085266931,35.702379401647043]]]]}},
{"type":"Feature","properties":{"A29_001":"13114","A29_002":"東京都","A29_003":"中野区","A29_004":3,"A29_005":"第一種中高層住居専用地域","A29_006":60,"A29_007":200,"A29_008":null},"geometry":{"type":"MultiPolygon","coordinates":[[[[139.667091827363123,35.697838096518254],[139.665171221715354,35.69783529358056],[139.663946237137196,35.697847373607807],[139.662385845055553,35.697864796842715],[139.662308903452896,35.69786625877051],[139.662233601443177,35.697868871316082],[139.662158374269438,35.69787266290669],[139.662083250660231,35.697877632681809],[139.662132253355594,35.698104501887173],[139.662228657763109,35.698140412073137],[139.66229288158101,35.698185815957359],[139.662371382739508,35.69839102665707],[139.662417515167931,35.698693971180653],[139.662267485377782,35.699125420249473],[139.66212380100373,35.699323160496562],[139.661796345943003,35.699322694300911],[139.661908130604019,35.699788798245471],[139.661956039816829,35.699944121734376],[139.66196971264219,35.700033370998995],[139.662735029630227,35.700088928601858],[139.66368274829793,35.700100189718626],[139.664191003663547,35.700116018512162],[139.664334176105569,35.700159147333089],[139.66451154042926,35.700244595826263],[139.664636406110759,35.700338436794091],[139.665000889061076,35.700807574681498],[139.665331602676559,35.701384247920529],[139.665558610912285,35.701848158024482],[139.665638728567302,35.702179119221093],[139.665682818668017,35.702148228696025],[139.666533836664485,35.70126343082238],[139.667127795350268,35.699647308162078],[139.667225499765578,35.699058379156178],[139.667091827363123,35.697838096518254]]]]}},
{"type":"Feature","properties":{"A29_001":"13114","A29_002":"東京都","A29_003":"中野区","A29_004":8,"A29_005":"近隣商業地域","A29_006":80,"A29_007":400,"A29_008":null},"geometry":{"type":"MultiPolygon","coordinates":[[[[139.665638728567302,35.702179119221093],[139.665558610912285,35.701848158024482],[139.665331602676559,35.701384247920529],[139.665000889061076,35.700807574681498],[139.664636406110759,35.700338436794091],[139.66451154042926,35.700244595826263],[139.664334176105569,35.700159147333089],[139.664191003663547,35.700116018512162],[139.66368274829793,35.700100189718626],[139.662735029630227,35.700088928601858],[139.66196971264219,35.700033370998995],[139.66172397608733,35.700099797368836],[139.661781650058572,35.700280140481411],[139.661554637078012,35.700269086276855],[139.661550181471227,35.700492177707787],[139.662390755845166,35.700528707686978],[139.664092406924141,35.700559138471213],[139.664243103312515,35.700639482001129],[139.66454038531856,35.701086347517894],[139.664822792352282,35.70158697033478],[139.665049925275838,35.702053023964595],[139.665089396438646,35.702192355712967],[139.66514085266931,35.702379401647043],[139.665214178046256,35.702543463926098],[139.665442506307755,35.702414999494138],[139.665432397942709,35.7023553635767],[139.665638728567302,35.702179119221093]]]]}},
{"type":"Feature","properties":{"A29_001":"13114","A29_002":"東京都","A29_003":"中野区","A29_004":5,"A29_005":"第一種住居地域","A29_006":60,"A29_007":200,"A29_008":null},"geometry":{"type":"MultiPolygon","coordinates":[[[[139.663301449689015,35.708341166013618],[139.663280202271437,35.709469434825102],[139.663370179802854,35.709474296994678],[139.663578739309514,35.709716059395063],[139.66421642716611,35.709729263039229],[139.66425714368242,35.708381106520413],[139.663301449689015,35.708341166013618]]]]}},
{"type":"Feature","properties":{"A29_001":"13114","A29_002":"東京都","A29_003":"中野区","A29_004":9,"A29_005":"商業地域","A29_006":80,"A29_007":400,"A29_008":null},"geometry":{"type":"MultiPolygon","coordinates":[[[[139.665214178046256,35.702543463926098],[139.665006152935803,35.702749464674007],[139.664913585200338,35.702827171464754],[139.664820387463976,35.702931498440073],[139.664758760952424,35.703038731407737],[139.664677716347285,35.703203174071895],[139.664591275802138,35.703430569740007],[139.664538338741494,35.703576449696286],[139.664468045366732,35.70363358803273],[139.664383720355062,35.703689275709756],[139.664325710035513,35.703745000278772],[139.664276465202619,35.703803598977288],[139.664237682783579,35.703892261741657],[139.664200479313422,35.704063920256736],[139.664164915142891,35.704289956138766],[139.664128709227981,35.705024713397769],[139.664334882736142,35.705031443009183],[139.664413137826045,35.704111469317752],[139.664463707043666,35.703902237790757],[139.664512951800816,35.703843639016348],[139.664628917980565,35.70375794621377],[139.664718563100308,35.703675078275566],[139.66479608742597,35.703516354361696],[139.664877309702888,35.703267487395088],[139.664988261402897,35.703063020573069],[139.665094668958602,35.702933670773248],[139.665211915562054,35.702834352182251],[139.665355535791605,35.702757107376833],[139.665214178046256,35.702543463926098]]]]}},
{"type":"Feature","properties":{"A29_001":"13114","A29_002":"東京都","A29_003":"中野区","A29_004":9,"A29_005":"商業地域","A29_006":80,"A29_007":600,"A29_008":null},"geometry":{"type":"MultiPolygon","coordinates":[[[[139.665567376600308,35.710383206110478],[139.666591246440447,35.710376987188987],[139.667148028721869,35.710362494100472],[139.667044534744264,35.710071397055472],[139.667018929500671,35.710010309010684],[139.667109009511165,35.710001847921923],[139.667133280549251,35.709649238688861],[139.666447257711951,35.709664029557977],[139.666479744163809,35.708995347209395],[139.666495214170055,35.708785500551386],[139.666511638544421,35.708544949353183],[139.66651645245517,35.708474165624743],[139.666518051596256,35.708450733286256],[139.666525546929137,35.708340897182708],[139.666529802046227,35.708277899545614],[139.666541987042535,35.70809908492307],[139.666544573505661,35.708061590864922],[139.666549755704438,35.707985325528007],[139.666564809638601,35.707906471439955],[139.666597570213156,35.707597085989896],[139.666657304567025,35.706964662190785],[139.666749883352395,35.70586752608201],[139.666586152334304,35.705862529623055],[139.666522550901107,35.705514250264613],[139.666274197507789,35.703998902661908],[139.66672546052385,35.703877516517615],[139.667260690963985,35.703729797886275],[139.667221594683042,35.703196128749305],[139.667194998082863,35.7030501378458],[139.667230135641574,35.70302538366559],[139.667216291168813,35.702933785454178],[139.666582248054226,35.703007316773565],[139.666507262700719,35.702985536102702],[139.666194094755895,35.702970206889091],[139.666213247887129,35.702732067694839],[139.666135253302997,35.702726665293397],[139.665974922447447,35.702607723188279],[139.665874530328807,35.702517912350054],[139.665902682797679,35.702477885652151],[139.665727715361669,35.702296079769305],[139.665682818668017,35.702148228696025],[139.665638728567302,35.702179119221093],[139.665432397942709,35.7023553635767],[139.665442506307755,35.702414999494138],[139.665214178046256,35.702543463926098],[139.665355535791605,35.702757107376833],[139.665211915562054,35.702834352182251],[139.665094668958602,35.702933670773248],[139.664988261402897,35.703063020573069],[139.664877309702888,35.703267487395088],[139.66479608742597,35.703516354361696],[139.664718563100308,35.703675078275566],[139.664628917980565,35.70375794621377],[139.664512951800816,35.703843639016348],[139.664463707043666,35.703902237790757],[139.664413137826045,35.704111469317752],[139.664334882736142,35.705031443009183],[139.664280681372446,35.705775446792309],[139.663990371975956,35.705769489936522],[139.663990223898139,35.705769486122975],[139.663852552630317,35.70576633792065],[139.662686449526916,35.705712104651141],[139.662673737805477,35.706034433771258],[139.662658640812623,35.70726212586743],[139.662716465631576,35.707295198561127],[139.663331650328445,35.707307516417863],[139.663301449689015,35.708341166013618],[139.66425714368242,35.708381106520413],[139.66421642716611,35.709729263039229],[139.663578739309514,35.709716059395063],[139.663370179802854,35.709474296994678],[139.663280202271437,35.709469434825102],[139.663211566375054,35.709465725860589],[139.663019075237997,35.709646198369796],[139.662752696726727,35.709898158792313],[139.662714383572421,35.710340712422102],[139.663228953418525,35.710348380750929],[139.664622635951247,35.710375261325126],[139.664676425505547,35.710382014347474],[139.665114194739999,35.710600317886659],[139.665313050793259,35.710592964076021],[139.665472574845637,35.710377594466827],[139.665567376600308,35.710383206110478]]]]}},
{"type":"Feature","properties":{"A29_001":"13114","A29_002":"東京都","A29_003":"中野区","A29_004":9,"A29_005":"商業地域","A29_006":80,"A29_007":500,"A29_008":null},"geometry":{"type":"MultiPolygon","coordinates":[[[[139.667133280549251,35.709649238688861],[139.667241090527199,35.708004246399234],[139.666806051366024,35.70797693472624],[139.666822791791162,35.707715760822666],[139.666839442668078,35.707515771171302],[139.666843183154896,35.707471671699373],[139.666848023875048,35.707413393489183],[139.666855004871877,35.707334476999847],[139.666857366742988,35.707308229839462],[139.666892851190283,35.706958738904525],[139.666904675606219,35.706773704294683],[139.666908229840658,35.706711165353376],[139.666916327025064,35.706569172032502],[139.666980870099422,35.705870230419066],[139.666749883352395,35.70586752608201],[139.666657304567025,35.706964662190785],[139.666597570213156,35.707597085989896],[139.666564809638601,35.707906471439955],[139.666549755704438,35.707985325528007],[139.666544573505661,35.708061590864922],[139.666541987042535,35.70809908492307],[139.666529802046227,35.708277899545614],[139.666525546929137,35.708340897182708],[139.666518051596256,35.708450733286256],[139.66651645245517,35.708474165624743],[139.666511638544421,35.708544949353183],[139.666495214170055,35.708785500551386],[139.666479744163809,35.708995347209395],[139.666447257711951,35.709664029557977],[139.667133280549251,35.709649238688861]]]]}},
{"type":"Feature","properties":{"A29_001":"13114","A29_002":"東京都","A29_003":"中野区","A29_004":8,"A29_005":"近隣商業地域","A29_006":80,"A29_007":300,"A29_008":null},"geometry":{"type":"MultiPolygon","coordinates":[[[[139.667371903580857,35.709640982430997],[139.667483231866981,35.708007867447698],[139.667241090527199,35.708004246399234],[139.667133280549251,35.709649238688861],[139.667371903580857,35.709640982430997]]]]}},
{"type":"Feature","properties":{"A29_001":"13114","A29_002":"東京都","A29_003":"中野区","A29_004":5,"A29_005":"第一種住居地域","A29_006":60,"A29_007":200,"A29_008":null},"geometry":{"type":"MultiPolygon","coordinates":[[[[139.667923978922317,35.708040219855839],[139.668740088008974,35.708079044174816],[139.668751221668117,35.707641435632652],[139.668734368884458,35.707305145801534],[139.6686662960619,35.707305178881562],[139.66860193046935,35.7070116254882],[139.668362011826758,35.707040379151429],[139.668327729656255,35.707040250194481],[139.668266077031717,35.707029668481027],[139.668104666301474,35.706989895439513],[139.668080398669503,35.706979656922236],[139.66805839759698,35.706966230679726],[139.66803892471367,35.70695029489773],[139.667858133315235,35.706798369760001],[139.667736371572914,35.706796430906074],[139.667730121238435,35.706978821649656],[139.667394546713609,35.706972151649445],[139.66731251666215,35.707006864802551],[139.667242460805369,35.706999037946197],[139.667067178304876,35.706949039868839],[139.666892851190283,35.706958738904525],[139.666857366742988,35.707308229839462],[139.666855004871877,35.707334476999847],[139.666848023875048,35.707413393489183],[139.666843183154896,35.707471671699373],[139.666839442668078,35.707515771171302],[139.666822791791162,35.707715760822666],[139.666806051366024,35.70797693472624],[139.667241090527199,35.708004246399234],[139.667483231866981,35.708007867447698],[139.667371903580857,35.709640982430997],[139.667812335640406,35.709610108653678],[139.667923978922317,35.708040219855839]]]]}},
{"type":"Feature","properties":{"A29_001":"13114","A29_002":"東京都","A29_003":"中野区","A29_004":8,"A29_005":"近隣商業地域","A29_006":80,"A29_007":300,"A29_008":null},"geometry":{"type":"MultiPolygon","coordinates":[[[[139.669880728618494,35.697941728323492],[139.669736051676949,35.697937423615208],[139.667974369073391,35.697867092288256],[139.668102066209343,35.698964210487027],[139.66805489591269,35.699489024711859],[139.668824849488715,35.698710225599186],[139.669365975416213,35.698306012241922],[139.669880728618494,35.697941728323492]]]]}},
{"type":"Feature","properties":{"A29_001":"13114","A29_002":"東京都","A29_003":"中野区","A29_004":3,"A29_005":"第一種中高層住居専用地域","A29_006":60,"A29_007":200,"A29_008":null},"geometry":{"type":"MultiPolygon","coordinates":[[[[139.671577372795696,35.703489893219391],[139.671582524507585,35.70311070540194],[139.671656316618424,35.702787027410217],[139.669879741083747,35.702883702732855],[139.667221594683042,35.703196128749305],[139.667260690963985,35.703729797886275],[139.667358290208853,35.704251623289196],[139.667356005854487,35.705270293822615],[139.667621099011342,35.705290993570429],[139.671004664441909,35.704718942347156],[139.67079156735673,35.70395169097101],[139.671122936888111,35.703744640717446],[139.671290429199502,35.703689836551121],[139.671577372795696,35.703489893219391]]]]}},
{"type":"Feature","properties":{"A29_001":"13114","A29_002":"東京都","A29_003":"中野区","A29_004":5,"A29_005":"第一種住居地域","A29_006":60,"A29_007":200,"A29_008":null},"geometry":{"type":"MultiPolygon","coordinates":[[[[139.66939600762089,35.695868729814066],[139.668479651414515,35.694923162297499],[139.667800665387801,35.695981020620948],[139.667779477563954,35.696047767992489],[139.667769723792674,35.696240452499985],[139.667897336124156,35.697032207736328],[139.67021210426185,35.697100434080902],[139.66997182395815,35.696792936330993],[139.669606265399693,35.696232447460496],[139.669494017504434,35.695977613569873],[139.66939600762089,35.695868729814066]]]]}},
{"type":"Feature","properties":{"A29_001":"13114","A29_002":"東京都","A29_003":"中野区","A29_004":3,"A29_005":"第一種中高層住居専用地域","A29_006":60,"A29_007":200,"A29_008":null},"geometry":{"type":"MultiPolygon","coordinates":[[[[139.670631949680455,35.698960088531223],[139.670642903128652,35.698464768950437],[139.670717075023646,35.697947327543837],[139.670315602497482,35.697954723668282],[139.670011443436664,35.697945649788096],[139.669880728618494,35.697941728323492],[139.669365975416213,35.698306012241922],[139.668824849488715,35.698710225599186],[139.66805489591269,35.699489024711859],[139.668008943360945,35.699654948832517],[139.66794527097457,35.699906704042455],[139.667479426248406,35.701222513257271],[139.667341923251939,35.701545712520456],[139.667255690888823,35.701677238567889],[139.666812619684407,35.70215455496934],[139.666322159285016,35.702640389492984],[139.66643416885276,35.702767897053057],[139.66649873615583,35.702823142707722],[139.666579623744184,35.702841075751152],[139.670308454774556,35.702383995465254],[139.670549011508683,35.702264635590709],[139.670736143252469,35.702266456153481],[139.670846125817093,35.702267888922371],[139.670962160996453,35.702269800257447],[139.671084162526796,35.702272225178191],[139.671184126254815,35.702273797382702],[139.671223664426179,35.702273872201673],[139.671243287848824,35.70227298461009],[139.67131585560216,35.702269704767602],[139.671560973533104,35.702259806232732],[139.671772588356816,35.70226060076601],[139.671837595200628,35.701922036025856],[139.671864375841693,35.701690739254829],[139.671824476790761,35.7011779379594],[139.671780812597603,35.701082484426053],[139.67166410244846,35.700963084054337],[139.671415919752491,35.700795809316283],[139.671294948869615,35.700704258174461],[139.670721381731113,35.700146187408158],[139.670631949680455,35.698960088531223]]]]}},
{"type":"Feature","properties":{"A29_001":"13114","A29_002":"東京都","A29_003":"中野区","A29_004":8,"A29_005":"近隣商業地域","A29_006":80,"A29_007":300,"A29_008":null},"geometry":{"type":"MultiPolygon","coordinates":[[[[139.66860193046935,35.7070116254882],[139.668553622377658,35.706807434159501],[139.668913335751171,35.706823025010976],[139.669046743591025,35.706833368125785],[139.669171088579702,35.706796572282983],[139.66909650943532,35.706475643149815],[139.669450063471288,35.706453806487147],[139.669774161612935,35.706438470191799],[139.669765638172947,35.706316830173215],[139.669688426116039,35.706183172425412],[139.669691485466558,35.706061480346115],[139.668877031508174,35.70606862927233],[139.668865229225105,35.706232132691412],[139.668279191913257,35.706228882127775],[139.667927571455209,35.706215192364596],[139.66776605079761,35.706208757471266],[139.667765657075989,35.70609617834895],[139.667764495010942,35.705759363992797],[139.66776410140622,35.705646728977712],[139.667763706696888,35.705534093958995],[139.667763639658574,35.705514588344315],[139.668524688748903,35.705533812900214],[139.668813569339619,35.705531593546482],[139.669062761873221,35.705496160824751],[139.669038667657816,35.705268611182646],[139.670948000260694,35.70497786300735],[139.671814625734299,35.704828817441339],[139.672457750683861,35.704696901217957],[139.672780222741721,35.70463976121367],[139.672654211674114,35.704489346119637],[139.67254913529419,35.70439762671289],[139.671984060022595,35.70384438957236],[139.671901397163566,35.703750279326201],[139.671873383953141,35.703686247675556],[139.671897616246753,35.703268927486853],[139.671577372795696,35.703489893219391],[139.671290429199502,35.703689836551121],[139.671122936888111,35.703744640717446],[139.67079156735673,35.70395169097101],[139.671004664441909,35.704718942347156],[139.667621099011342,35.705290993570429],[139.667356005854487,35.705270293822615],[139.667349999141891,35.705527318530436],[139.666522550901107,35.705514250264613],[139.666586152334304,35.705862529623055],[139.666749883352395,35.70586752608201],[139.666980870099422,35.705870230419066],[139.666916327025064,35.706569172032502],[139.666908229840658,35.706711165353376],[139.666904675606219,35.706773704294683],[139.666892851190283,35.706958738904525],[139.667067178304876,35.706949039868839],[139.667242460805369,35.706999037946197],[139.66731251666215,35.707006864802551],[139.667394546713609,35.706972151649445],[139.667730121238435,35.706978821649656],[139.667736371572914,35.706796430906074],[139.667858133315235,35.706798369760001],[139.66803892471367,35.70695029489773],[139.66805839759698,35.706966230679726],[139.668080398669503,35.706979656922236],[139.668104666301474,35.706989895439513],[139.668266077031717,35.707029668481027],[139.668327729656255,35.707040250194481],[139.668362011826758,35.707040379151429],[139.66860193046935,35.7070116254882]]]]}},
{"type":"Feature","properties":{"A29_001":"13114","A29_002":"東京都","A29_003":"中野区","A29_004":4,"A29_005":"第二種中高層住居専用地域","A29_006":60,"A29_007":200,"A29_008":null},"geometry":{"type":"MultiPolygon","coordinates":[[[[139.688130737432601,35.706136031035861],[139.688056057970584,35.705880964308307],[139.686968697876978,35.705980442567906],[139.686950971428587,35.706262893159149],[139.687817939725562,35.706181886010171],[139.688130737432601,35.706136031035861]]]]}},
{"type":"Feature","properties":{"A29_001":"13114","A29_002":"東京都","A29_003":"中野区","A29_004":3,"A29_005":"第一種中高層住居専用地域","A29_006":60,"A29_007":200,"A29_008":null},"geometry":{"type":"MultiPolygon","coordinates":[[[[139.688056057970584,35.705880964308307],[139.687585268381213,35.704426417929135],[139.687468303137763,35.703759411042896],[139.687438971790698,35.703513540163016],[139.687447655797854,35.7022533385503],[139.687434921551556,35.701943151714183],[139.687454235436718,35.701851495314941],[139.685925417278582,35.701780149484534],[139.685596561384585,35.701740992109578],[139.685577068622905,35.701828192593602],[139.685577803832103,35.701856294459901],[139.685579734790934,35.701884359032988],[139.685582859354895,35.701912351157048],[139.685587174269784,35.701940238378931],[139.68559267296925,35.70196798643854],[139.685599348885262,35.701995561977022],[139.685607196555026,35.702022931637181],[139.685617780929249,35.702054816885124],[139.68572990844433,35.702421334884804],[139.685859433891522,35.702844714137029],[139.685873074920153,35.702908671868506],[139.68588423427326,35.702968236913755],[139.685893888202173,35.703027976783495],[139.685902030120957,35.703087865330474],[139.685908657860637,35.703147878215404],[139.685913764934384,35.703207935209193],[139.685943466703378,35.703699421015216],[139.68594558364353,35.703743087529404],[139.685944959835098,35.703790441781571],[139.685941418737428,35.70383771134302],[139.685934968302405,35.703884775440301],[139.685929669432085,35.703911292527017],[139.685801948183553,35.704227800284933],[139.685780898993613,35.704554650822956],[139.685779860339608,35.704569037138128],[139.685780483422207,35.704573964761501],[139.685783003880033,35.704587376551537],[139.685786332385078,35.704600670350551],[139.685790461260012,35.704613814601203],[139.685795381725484,35.70462677594233],[139.685801079471702,35.704639523709801],[139.685807541295674,35.704652026339623],[139.685814751780725,35.704664254067737],[139.685822693301759,35.70467617622613],[139.685829082798506,35.704684732590664],[139.686107319088677,35.704992244418086],[139.686151497272618,35.705036745578006],[139.686162088339529,35.705045970459985],[139.686189549811246,35.705066178337951],[139.686218999542803,35.705084488559457],[139.686250223533165,35.705100687238442],[139.686283900838902,35.705115094285155],[139.686312621734118,35.705125269678092],[139.686440301769892,35.705166408617032],[139.686518679657183,35.705198438572374],[139.686594366914164,35.705244267800758],[139.686659212378459,35.705299590482703],[139.68671214979787,35.705363700471068],[139.686749074271262,35.705432016559698],[139.686769083863538,35.705480945343673],[139.686961793919437,35.705906587622501],[139.686968697876978,35.705980442567906],[139.688056057970584,35.705880964308307]]]]}},
{"type":"Feature","properties":{"A29_001":"13114","A29_002":"東京都","A29_003":"中野区","A29_004":3,"A29_005":"第一種中高層住居専用地域","A29_006":60,"A29_007":200,"A29_008":null},"geometry":{"type":"MultiPolygon","coordinates":[[[[139.688436270884694,35.699655655865513],[139.688436939643566,35.699286001091167],[139.688408043476102,35.699097561193959],[139.688265522916851,35.698688383468593],[139.688064461169688,35.698317292916713],[139.687908419225465,35.698110812798255],[139.68776396652396,35.697962775931515],[139.687138182197174,35.697227475915156],[139.686909426872376,35.696816999268222],[139.686489650959004,35.696846542761712],[139.685686586454551,35.696903781779774],[139.684960078008601,35.696928327162482],[139.684302284639926,35.697112367275921],[139.684396205016952,35.697702740175437],[139.684436410745832,35.697699808820346],[139.68457814695779,35.698126280497362],[139.684362199462498,35.698175398038906],[139.684328890726249,35.698133365327621],[139.684155069490316,35.698164312406071],[139.684063173161462,35.697952739557891],[139.683601279967036,35.698042170094517],[139.683758843700502,35.700389241626162],[139.683760698106738,35.700648718235662],[139.68370643402028,35.700898585592661],[139.685207611255862,35.701154192870753],[139.685331699240123,35.701089476936779],[139.685455635540535,35.701106800352164],[139.685598062326847,35.701244343981607],[139.685904404167843,35.701282877561752],[139.687009301226794,35.701333437643839],[139.687619067318963,35.701355670924066],[139.687868254476882,35.70090822225724],[139.688218738862645,35.700382053992186],[139.688306627393388,35.70020759818906],[139.688399228053441,35.699929871845988],[139.688436270884694,35.699655655865513]]]]}},
{"type":"Feature","properties":{"A29_001":"13114","A29_002":"東京都","A29_003":"中野区","A29_004":9,"A29_005":"商業地域","A29_006":80,"A29_007":500,"A29_008":null},"geometry":{"type":"MultiPolygon","coordinates":[[[[139.684189168225032,35.697123356597793],[139.684302284639926,35.697112367275921],[139.684960078008601,35.696928327162482],[139.685686586454551,35.696903781779774],[139.686489650959004,35.696846542761712],[139.686909426872376,35.696816999268222],[139.686487752808233,35.695980924479208],[139.684759904450431,35.696136301517782],[139.684604892036845,35.696169498358593],[139.684674053462203,35.696571857684468],[139.684372742143978,35.696668072667052],[139.683814076247074,35.696804510392916],[139.683985669200695,35.697287660698372],[139.68406885539622,35.697275356818075],[139.684189168225032,35.697123356597793]]]]}},
{"type":"Feature","properties":{"A29_001":"13114","A29_002":"東京都","A29_003":"中野区","A29_004":9,"A29_005":"商業地域","A29_006":80,"A29_007":500,"A29_008":null},"geometry":{"type":"MultiPolygon","coordinates":[[[[139.683946515900374,35.707498907722027],[139.683729807905451,35.707031792022242],[139.68405594423055,35.706949035431023],[139.684229043585162,35.706931237752308],[139.684671414975242,35.706900592534701],[139.684672686758887,35.70699880497807],[139.684680627793739,35.707150987634151],[139.684681816716704,35.707235806602959],[139.685952529779115,35.707038946244957],[139.686240320598756,35.707001140349909],[139.686202336098006,35.707304449588463],[139.686677319633759,35.707236344976174],[139.687058090795517,35.707203465461895],[139.687284434031284,35.70714906056272],[139.687533106080281,35.707076623464239],[139.688319093862873,35.706752509024618],[139.688130737432601,35.706136031035861],[139.687817939725562,35.706181886010171],[139.686950971428587,35.706262893159149],[139.686714611924117,35.706284765964291],[139.686713410403428,35.705982839705079],[139.686508070621926,35.70555514798582],[139.686504593544214,35.705546273418953],[139.686498765840298,35.705533184811834],[139.686492192859475,35.705520332355448],[139.686484890019415,35.705507745813321],[139.686476872744208,35.705495451343786],[139.686468158664894,35.705483476910409],[139.686458767627755,35.705471847775563],[139.686448718373612,35.705460589200086],[139.686438035167555,35.705449727352892],[139.686426740068953,35.705439285696336],[139.686414858456033,35.705429285893857],[139.686402415705203,35.705419750510359],[139.686389439404792,35.705410701212017],[139.686375958253024,35.705402156962315],[139.686362000948122,35.705394136724891],[139.686347599506945,35.705386657664363],[139.686332784841085,35.705379736944302],[139.68631758897223,35.705373389025453],[139.686302045027077,35.705367628369892],[139.686286188345946,35.70536246763978],[139.686270052063605,35.705357916790355],[139.686253672627174,35.705353987583734],[139.686252629778267,35.70535378079996],[139.686216602806155,35.705350913754394],[139.686181809115595,35.705351083099181],[139.686156970700949,35.70535404530154],[139.686124531789432,35.705363393398954],[139.685878461522265,35.705421387582966],[139.685264085225867,35.705610230697054],[139.684828325470932,35.705659776158853],[139.68408990604425,35.705725639247206],[139.684091536924655,35.705635016129875],[139.683288096641348,35.705696558245741],[139.68320593533582,35.705199010689121],[139.682753558371843,35.705105982309675],[139.682204693689727,35.705061169892801],[139.682079504136141,35.705050953191524],[139.682209569072171,35.705993316306213],[139.682270445656371,35.70627242273175],[139.682398357700663,35.706640525186145],[139.682490288088246,35.706888667079397],[139.682795540471545,35.707543263206858],[139.683361675087411,35.707519167289696],[139.683440897371128,35.707685253018823],[139.683946515900374,35.707498907722027]]]]}},
{"type":"Feature","properties":{"A29_001":"13114","A29_002":"東京都","A29_003":"中野区","A29_004":4,"A29_005":"第二種中高層住居専用地域","A29_006":60,"A29_007":200,"A29_008":null},"geometry":{"type":"MultiPolygon","coordinates":[[[[139.685361930383806,35.704877002789495],[139.684928689750478,35.705147152417155],[139.684608828147418,35.70524800991889],[139.684318794651148,35.705284721486372],[139.684118423453157,35.70532859339005],[139.683907400686962,35.705317226086898],[139.683687621352902,35.705284845266064],[139.68359702957261,35.705273676608208],[139.683454614518411,35.70525014883146],[139.68320593533582,35.705199010689121],[139.683288096641348,35.705696558245741],[139.684091536924655,35.705635016129875],[139.68408990604425,35.705725639247206],[139.684828325470932,35.705659776158853],[139.685264085225867,35.705610230697054],[139.685878461522265,35.705421387582966],[139.6854536283073,35.704991032891002],[139.685361930383806,35.704877002789495]]]]}},
{"type":"Feature","properties":{"A29_001":"13114","A29_002":"東京都","A29_003":"中野区","A29_004":3,"A29_005":"第一種中高層住居専用地域","A29_006":60,"A29_007":200,"A29_008":null},"geometry":{"type":"MultiPolygon","coordinates":[[[[139.685361930383806,35.704877002789495],[139.685282808708791,35.704769548241565],[139.685269757184983,35.704735442589367],[139.685258805164239,35.704700848271202],[139.685249981217368,35.704665851853711],[139.685243307284566,35.70463053989539],[139.68527727999259,35.704135338458329],[139.685401874626763,35.703798921697512],[139.685373183345206,35.70323385948636],[139.685367847286443,35.703172946794631],[139.685360708217445,35.703112376210086],[139.685351752109455,35.703051966540848],[139.685340984423902,35.702991754749036],[139.68532935491794,35.702936281275427],[139.685198486520306,35.702508497549992],[139.68509387584055,35.702166545107779],[139.68508160181122,35.702129369426899],[139.685069582309694,35.702087205000957],[139.685059358030912,35.702044725501338],[139.685050941029715,35.702001984123896],[139.685044343367736,35.701959030458958],[139.68503957047264,35.701915915891213],[139.685036629980686,35.701872692709451],[139.685035524004405,35.701829412294352],[139.685036253549441,35.701786126926251],[139.685033923578345,35.701635962007508],[139.683506721109325,35.701377696821325],[139.683440986185332,35.701350785151611],[139.683076971729093,35.701916436716459],[139.682982904964774,35.702185332986218],[139.682949230320929,35.702679436675247],[139.682969192873486,35.703259462759142],[139.68320593533582,35.705199010689121],[139.683454614518411,35.70525014883146],[139.68359702957261,35.705273676608208],[139.683687621352902,35.705284845266064],[139.683907400686962,35.705317226086898],[139.684118423453157,35.70532859339005],[139.684318794651148,35.705284721486372],[139.684608828147418,35.70524800991889],[139.684928689750478,35.705147152417155],[139.685361930383806,35.704877002789495]]]]}},
{"type":"Feature","properties":{"A29_001":"13114","A29_002":"東京都","A29_003":"中野区","A29_004":8,"A29_005":"近隣商業地域","A29_006":80,"A29_007":300,"A29_008":null},"geometry":{"type":"MultiPolygon","coordinates":[[[[139.684302284639926,35.697112367275921],[139.684189168225032,35.697123356597793],[139.68406885539622,35.697275356818075],[139.683985669200695,35.697287660698372],[139.684161714096376,35.697736235548902],[139.683588538144818,35.69782036085553],[139.683601279967036,35.698042170094517],[139.684063173161462,35.697952739557891],[139.684155069490316,35.698164312406071],[139.684328890726249,35.698133365327621],[139.684362199462498,35.698175398038906],[139.68457814695779,35.698126280497362],[139.684436410745832,35.697699808820346],[139.684396205016952,35.697702740175437],[139.684302284639926,35.697112367275921]]]]}},
{"type":"Feature","properties":{"A29_001":"13114","A29_002":"東京都","A29_003":"中野区","A29_004":9,"A29_005":"商業地域","A29_006":80,"A29_007":500,"A29_008":null},"geometry":{"type":"MultiPolygon","coordinates":[[[[139.684604892036845,35.696169498358593],[139.684575837685202,35.696071682545707],[139.68419782080349,35.69591238207488],[139.683600205522254,35.695617346505102],[139.683231543859705,35.695772381292961],[139.683393949378029,35.696498736138906],[139.683879480304057,35.696361774850658],[139.684145531436627,35.696302682844944],[139.684604892036845,35.696169498358593]]]]}},
{"type":"Feature","properties":{"A29_001":"13114","A29_002":"東京都","A29_003":"中野区","A29_004":9,"A29_005":"商業地域","A29_006":80,"A29_007":500,"A29_008":null},"geometry":{"type":"MultiPolygon","coordinates":[[[[139.683985669200695,35.697287660698372],[139.6838936900796,35.697304036807296],[139.683732823792809,35.697261113101916],[139.683572147538513,35.697295006897612],[139.683588538144818,35.69782036085553],[139.684161714096376,35.697736235548902],[139.683985669200695,35.697287660698372]]]]}},
{"type":"Feature","properties":{"A29_001":"13114","A29_002":"東京都","A29_003":"中野区","A29_004":8,"A29_005":"近隣商業地域","A29_006":80,"A29_007":300,"A29_008":null},"geometry":{"type":"MultiPolygon","coordinates":[[[[139.683600205522254,35.695617346505102],[139.683141106247007,35.695357300053224],[139.683231543859705,35.695772381292961],[139.683600205522254,35.695617346505102]]]]}},
{"type":"Feature","properties":{"A29_001":"13114","A29_002":"東京都","A29_003":"中野区","A29_004":9,"A29_005":"商業地域","A29_006":80,"A29_007":600,"A29_008":null},"geometry":{"type":"MultiPolygon","coordinates":[[[[139.683572147538513,35.697295006897612],[139.683732823792809,35.697261113101916],[139.6838936900796,35.697304036807296],[139.683985669200695,35.697287660698372],[139.683814076247074,35.696804510392916],[139.684372742143978,35.696668072667052],[139.684674053462203,35.696571857684468],[139.684604892036845,35.696169498358593],[139.684145531436627,35.696302682844944],[139.683879480304057,35.696361774850658],[139.683393949378029,35.696498736138906],[139.683231543859705,35.695772381292961],[139.682874576904851,35.695926475613504],[139.682517805252331,35.695976111551659],[139.682206123376687,35.695990316094964],[139.682352749326213,35.696684212741758],[139.68127662000802,35.696809256609804],[139.681264164882521,35.697209899948824],[139.682142643954876,35.697112456511178],[139.683002418920353,35.696991904662248],[139.683047897012528,35.697684767742629],[139.683053352832502,35.697903164530587],[139.683588538144818,35.69782036085553],[139.683572147538513,35.697295006897612]]]]}},
{"type":"Feature","properties":{"A29_001":"13114","A29_002":"東京都","A29_003":"中野区","A29_004":5,"A29_005":"第一種住居地域","A29_006":60,"A29_007":200,"A29_008":null},"geometry":{"type":"MultiPolygon","coordinates":[[[[139.685952529779115,35.707038946244957],[139.684681816716704,35.707235806602959],[139.684680627793739,35.707150987634151],[139.684672686758887,35.70699880497807],[139.684671414975242,35.706900592534701],[139.684229043585162,35.706931237752308],[139.68405594423055,35.706949035431023],[139.683729807905451,35.707031792022242],[139.683946515900374,35.707498907722027],[139.684333878407415,35.708393941200278],[139.68495389090981,35.708104332485938],[139.684648476321939,35.707642145788881],[139.684573951251963,35.707464619273352],[139.685947422936522,35.707271703456954],[139.685952529779115,35.707038946244957]]]]}},
{"type":"Feature","properties":{"A29_001":"13114","A29_002":"東京都","A29_003":"中野区","A29_004":9,"A29_005":"商業地域","A29_006":80,"A29_007":400,"A29_008":null},"geometry":{"type":"MultiPolygon","coordinates":[[[[139.683053352832502,35.697903164530587],[139.683047897012528,35.697684767742629],[139.682863702638059,35.697686922513846],[139.6825804789828,35.697489815939882],[139.682514694793724,35.69749092597403],[139.682530368468122,35.697706776820255],[139.682539907555054,35.698075251977649],[139.683053352832502,35.697903164530587]]]]}},
{"type":"Feature","properties":{"A29_001":"13114","A29_002":"東京都","A29_003":"中野区","A29_004":9,"A29_005":"商業地域","A29_006":80,"A29_007":400,"A29_008":null},"geometry":{"type":"MultiPolygon","coordinates":[[[[139.683231543859705,35.695772381292961],[139.683141106247007,35.695357300053224],[139.682742242991964,35.695132051010013],[139.681980820127052,35.694931919567644],[139.682206123376687,35.695990316094964],[139.682517805252331,35.695976111551659],[139.682874576904851,35.695926475613504],[139.683231543859705,35.695772381292961]]]]}},
{"type":"Feature","properties":{"A29_001":"13114","A29_002":"東京都","A29_003":"中野区","A29_004":8,"A29_005":"近隣商業地域","A29_006":80,"A29_007":300,"A29_008":null},"geometry":{"type":"MultiPolygon","coordinates":[[[[139.682795540471545,35.707543263206858],[139.682490288088246,35.706888667079397],[139.682197009064765,35.707354780027408],[139.682055043983155,35.707589273016374],[139.682032150914068,35.707944113073914],[139.68200380262374,35.708090985494032],[139.681961559539275,35.708163432453922],[139.681795138721156,35.708340657440075],[139.681447174863507,35.708650252050056],[139.681157693151334,35.708958011694406],[139.681579556822214,35.709154103732473],[139.682268614705919,35.708482719205442],[139.682438658681548,35.708244445412568],[139.682476882324835,35.708132404388422],[139.682515330475354,35.707901120074617],[139.682542100312645,35.707660281624044],[139.682666359780228,35.70752482386515],[139.682795540471545,35.707543263206858]]]]}},
{"type":"Feature","properties":{"A29_001":"13114","A29_002":"東京都","A29_003":"中野区","A29_004":9,"A29_005":"商業地域","A29_006":80,"A29_007":500,"A29_008":null},"geometry":{"type":"MultiPolygon","coordinates":[[[[139.682206123376687,35.695990316094964],[139.681962165434186,35.695976187778946],[139.681834475599317,35.69596499195417],[139.681154837711034,35.695969912662378],[139.681173179118218,35.696472286074275],[139.681287221428306,35.696460982770823],[139.68127662000802,35.696809256609804],[139.682352749326213,35.696684212741758],[139.682206123376687,35.695990316094964]]]]}},
{"type":"Feature","properties":{"A29_001":"13114","A29_002":"東京都","A29_003":"中野区","A29_004":8,"A29_005":"近隣商業地域","A29_006":80,"A29_007":300,"A29_008":null},"geometry":{"type":"MultiPolygon","coordinates":[[[[139.682270445656371,35.70627242273175],[139.680406528951067,35.706212832042034],[139.680392694676726,35.706566967908586],[139.682398357700663,35.706640525186145],[139.682270445656371,35.70627242273175]]]]}},
{"type":"Feature","properties":{"A29_001":"13114","A29_002":"東京都","A29_003":"中野区","A29_004":8,"A29_005":"近隣商業地域","A29_006":80,"A29_007":400,"A29_008":null},"geometry":{"type":"MultiPolygon","coordinates":[[[[139.686950971428587,35.706262893159149],[139.686968697876978,35.705980442567906],[139.686961793919437,35.705906587622501],[139.686769083863538,35.705480945343673],[139.686749074271262,35.705432016559698],[139.68671214979787,35.705363700471068],[139.686659212378459,35.705299590482703],[139.686594366914164,35.705244267800758],[139.686518679657183,35.705198438572374],[139.686440301769892,35.705166408617032],[139.686312621734118,35.705125269678092],[139.686283900838902,35.705115094285155],[139.686250223533165,35.705100687238442],[139.686218999542803,35.705084488559457],[139.686189549811246,35.705066178337951],[139.686162088339529,35.705045970459985],[139.686151497272618,35.705036745578006],[139.686107319088677,35.704992244418086],[139.685829082798506,35.704684732590664],[139.685822693301759,35.70467617622613],[139.685814751780725,35.704664254067737],[139.685807541295674,35.704652026339623],[139.685801079471702,35.704639523709801],[139.685795381725484,35.70462677594233],[139.685790461260012,35.704613814601203],[139.685786332385078,35.704600670350551],[139.685783003880033,35.704587376551537],[139.685780483422207,35.704573964761501],[139.685779860339608,35.704569037138128],[139.685780898993613,35.704554650822956],[139.685801948183553,35.704227800284933],[139.685929669432085,35.703911292527017],[139.685934968302405,35.703884775440301],[139.685941418737428,35.70383771134302],[139.685944959835098,35.703790441781571],[139.68594558364353,35.703743087529404],[139.685943466703378,35.703699421015216],[139.685913764934384,35.703207935209193],[139.685908657860637,35.703147878215404],[139.685902030120957,35.703087865330474],[139.685893888202173,35.703027976783495],[139.68588423427326,35.702968236913755],[139.685873074920153,35.702908671868506],[139.685859433891522,35.702844714137029],[139.68572990844433,35.702421334884804],[139.685617780929249,35.702054816885124],[139.685607196555026,35.702022931637181],[139.685599348885262,35.701995561977022],[139.68559267296925,35.70196798643854],[139.685587174269784,35.701940238378931],[139.685582859354895,35.701912351157048],[139.685579734790934,35.701884359032988],[139.685577803832103,35.701856294459901],[139.685577068622905,35.701828192593602],[139.685596561384585,35.701740992109578],[139.685925417278582,35.701780149484534],[139.687454235436718,35.701851495314941],[139.687497030111757,35.701632138784568],[139.687619067318963,35.701355670924066],[139.687009301226794,35.701333437643839],[139.685904404167843,35.701282877561752],[139.685598062326847,35.701244343981607],[139.685455635540535,35.701106800352164],[139.685331699240123,35.701089476936779],[139.685207611255862,35.701154192870753],[139.68370643402028,35.700898585592661],[139.683760698106738,35.700648718235662],[139.683758843700502,35.700389241626162],[139.683601279967036,35.698042170094517],[139.683588538144818,35.69782036085553],[139.683053352832502,35.697903164530587],[139.682539907555054,35.698075251977649],[139.682628329667978,35.699639120116032],[139.682688815802749,35.700512656029417],[139.682655463681755,35.700757063873979],[139.681880908258591,35.70062850104604],[139.681599345911479,35.700623408454724],[139.68155042455561,35.700623294582712],[139.681501529315398,35.700624567023532],[139.681452717657351,35.700627222244229],[139.681404048148124,35.700631259417371],[139.681355579366283,35.700636671406045],[139.681307370993693,35.70064345197617],[139.681261357477752,35.700651275471664],[139.681113145212976,35.700678671973826],[139.68047315483966,35.700796969366749],[139.678580898962707,35.701144590930014],[139.676995039894479,35.701435900852367],[139.675744868175883,35.701665962322878],[139.674491412829212,35.70196658715269],[139.672436864836982,35.702184086564571],[139.672483159884393,35.701673561938762],[139.672443316767357,35.701130949998372],[139.672402690645953,35.700978263785125],[139.672358999506116,35.700895927226206],[139.67225403417055,35.700751501955168],[139.672132938161695,35.700632096161968],[139.67178988759531,35.700388379142119],[139.671684808424885,35.700301190182785],[139.671317140473576,35.699942964797842],[139.671243554030127,35.698886366499245],[139.671056832239714,35.698903530315697],[139.670909072243916,35.698918047878948],[139.670768544038793,35.698924086857858],[139.670631949680455,35.698960088531223],[139.670661552682986,35.69937340740865],[139.670721381731113,35.700146187408158],[139.671294948869615,35.700704258174461],[139.671415919752491,35.700795809316283],[139.67166410244846,35.700963084054337],[139.671780812597603,35.701082484426053],[139.671824476790761,35.7011779379594],[139.671864375841693,35.701690739254829],[139.671837595200628,35.701922036025856],[139.671772588356816,35.70226060076601],[139.671560973533104,35.702259806232732],[139.67131585560216,35.702269704767602],[139.671243287848824,35.70227298461009],[139.671223664426179,35.702273872201673],[139.671184126254815,35.702273797382702],[139.671084162526796,35.702272225178191],[139.670962160996453,35.702269800257447],[139.670846125817093,35.702267888922371],[139.670736143252469,35.702266456153481],[139.670549011508683,35.702264635590709],[139.670308454774556,35.702383995465254],[139.666579623744184,35.702841075751152],[139.66649873615583,35.702823142707722],[139.66643416885276,35.702767897053057],[139.666322159285016,35.702640389492984],[139.666812619684407,35.70215455496934],[139.667255690888823,35.701677238567889],[139.667341923251939,35.701545712520456],[139.667479426248406,35.701222513257271],[139.66794527097457,35.699906704042455],[139.668008943360945,35.699654948832517],[139.66805489591269,35.699489024711859],[139.668102066209343,35.698964210487027],[139.667974369073391,35.697867092288256],[139.667883156990996,35.697864105105637],[139.667638240983251,35.698036635015619],[139.667463235635807,35.698045612378131],[139.667153782887482,35.697825777110666],[139.667091827363123,35.697838096518254],[139.667225499765578,35.699058379156178],[139.667127795350268,35.699647308162078],[139.666533836664485,35.70126343082238],[139.665682818668017,35.702148228696025],[139.665727715361669,35.702296079769305],[139.665902682797679,35.702477885652151],[139.665874530328807,35.702517912350054],[139.665974922447447,35.702607723188279],[139.666135253302997,35.702726665293397],[139.666213247887129,35.702732067694839],[139.666194094755895,35.702970206889091],[139.666507262700719,35.702985536102702],[139.666582248054226,35.703007316773565],[139.667216291168813,35.702933785454178],[139.667230135641574,35.70302538366559],[139.667194998082863,35.7030501378458],[139.667221594683042,35.703196128749305],[139.669879741083747,35.702883702732855],[139.671656316618424,35.702787027410217],[139.671731106722291,35.702855038867391],[139.671842026309804,35.702948775181348],[139.672040883438882,35.702931155269155],[139.672293942534139,35.702726321508912],[139.673749387695608,35.702551858844231],[139.674266426166469,35.702499122069653],[139.674584610044036,35.702463292061118],[139.676120636920245,35.702129398684932],[139.676551857367372,35.702048532611826],[139.678677751520723,35.701634967730911],[139.68112403108762,35.701208529549213],[139.681434746985701,35.701128517347485],[139.681792278975053,35.701122324809802],[139.682291396379185,35.701210874492929],[139.682102227563661,35.70153599337096],[139.68193653053379,35.701956476775379],[139.681862065159976,35.702317572171061],[139.681896989350406,35.703176170459081],[139.682079504136141,35.705050953191524],[139.682204693689727,35.705061169892801],[139.682753558371843,35.705105982309675],[139.68320593533582,35.705199010689121],[139.682969192873486,35.703259462759142],[139.682949230320929,35.702679436675247],[139.682982904964774,35.702185332986218],[139.683076971729093,35.701916436716459],[139.683440986185332,35.701350785151611],[139.683506721109325,35.701377696821325],[139.685033923578345,35.701635962007508],[139.685036253549441,35.701786126926251],[139.685035524004405,35.701829412294352],[139.685036629980686,35.701872692709451],[139.68503957047264,35.701915915891213],[139.685044343367736,35.701959030458958],[139.685050941029715,35.702001984123896],[139.685059358030912,35.702044725501338],[139.685069582309694,35.702087205000957],[139.68508160181122,35.702129369426899],[139.68509387584055,35.702166545107779],[139.685198486520306,35.702508497549992],[139.68532935491794,35.702936281275427],[139.685340984423902,35.702991754749036],[139.685351752109455,35.703051966540848],[139.685360708217445,35.703112376210086],[139.685367847286443,35.703172946794631],[139.685373183345206,35.70323385948636],[139.685401874626763,35.703798921697512],[139.68527727999259,35.704135338458329],[139.685243307284566,35.70463053989539],[139.685249981217368,35.704665851853711],[139.685258805164239,35.704700848271202],[139.685269757184983,35.704735442589367],[139.685282808708791,35.704769548241565],[139.685361930383806,35.704877002789495],[139.6854536283073,35.704991032891002],[139.685878461522265,35.705421387582966],[139.686124531789432,35.705363393398954],[139.686156970700949,35.70535404530154],[139.686181809115595,35.705351083099181],[139.686216602806155,35.705350913754394],[139.686252629778267,35.70535378079996],[139.686253672627174,35.705353987583734],[139.686270052063605,35.705357916790355],[139.686286188345946,35.70536246763978],[139.686302045027077,35.705367628369892],[139.68631758897223,35.705373389025453],[139.686332784841085,35.705379736944302],[139.686347599506945,35.705386657664363],[139.686362000948122,35.705394136724891],[139.686375958253024,35.705402156962315],[139.686389439404792,35.705410701212017],[139.686402415705203,35.705419750510359],[139.686414858456033,35.705429285893857],[139.686426740068953,35.705439285696336],[139.686438035167555,35.705449727352892],[139.686448718373612,35.705460589200086],[139.686458767627755,35.705471847775563],[139.686468158664894,35.705483476910409],[139.686476872744208,35.705495451343786],[139.686484890019415,35.705507745813321],[139.686492192859475,35.705520332355448],[139.686498765840298,35.705533184811834],[139.686504593544214,35.705546273418953],[139.686508070621926,35.70555514798582],[139.686713410403428,35.705982839705079],[139.686714611924117,35.706284765964291],[139.686950971428587,35.706262893159149]]]]}},
{"type":"Feature","properties":{"A29_001":"13114","A29_002":"東京都","A29_003":"中野区","A29_004":3,"A29_005":"第一種中高層住居専用地域","A29_006":60,"A29_007":200,"A29_008":null},"geometry":{"type":"MultiPolygon","coordinates":[[[[139.68112403108762,35.701208529549213],[139.678677751520723,35.701634967730911],[139.676551857367372,35.702048532611826],[139.676593739882264,35.702161153174067],[139.676408835352902,35.702221965009635],[139.676473698246298,35.702578650894175],[139.676742648149883,35.702565821470742],[139.676748702857026,35.703058067127948],[139.676776947467516,35.704164684778242],[139.676750553216948,35.704504256269644],[139.676660543625104,35.704864592108827],[139.677590848384966,35.705134256552661],[139.67769215800493,35.704986128047686],[139.678200468672827,35.704389254513288],[139.678034652908281,35.704286946268269],[139.678089306637418,35.704039965862506],[139.678419453328615,35.70311255648889],[139.678616869211851,35.702798595099424],[139.678723360705305,35.702823781389199],[139.679150556409496,35.702331360177951],[139.679147022167967,35.702268752727797],[139.679311750553495,35.702131833409744],[139.679604354830815,35.702015944889524],[139.679951996523783,35.70178684430963],[139.680222738553908,35.701635153313426],[139.680460467449734,35.701546022712421],[139.680679899422728,35.701468792805244],[139.68112403108762,35.701208529549213]]]]}},
{"type":"Feature","properties":{"A29_001":"13114","A29_002":"東京都","A29_003":"中野区","A29_004":4,"A29_005":"第二種中高層住居専用地域","A29_006":60,"A29_007":200,"A29_008":null},"geometry":{"type":"MultiPolygon","coordinates":[[[[139.682795540471545,35.707543263206858],[139.682666359780228,35.70752482386515],[139.682542100312645,35.707660281624044],[139.682515330475354,35.707901120074617],[139.682476882324835,35.708132404388422],[139.682438658681548,35.708244445412568],[139.682268614705919,35.708482719205442],[139.681579556822214,35.709154103732473],[139.682480637106579,35.70955379207988],[139.682842990224827,35.709678258960814],[139.683861547410402,35.709836055209486],[139.682795540471545,35.707543263206858]]]]}},
{"type":"Feature","properties":{"A29_001":"13114","A29_002":"東京都","A29_003":"中野区","A29_004":1,"A29_005":"第一種低層住居専用地域","A29_006":60,"A29_007":150,"A29_008":null},"geometry":{"type":"MultiPolygon","coordinates":[[[[139.682490288088246,35.706888667079397],[139.682398357700663,35.706640525186145],[139.680392694676726,35.706566967908586],[139.680406528951067,35.706212832042034],[139.682270445656371,35.70627242273175],[139.682209569072171,35.705993316306213],[139.682079504136141,35.705050953191524],[139.681896989350406,35.703176170459081],[139.681862065159976,35.702317572171061],[139.68193653053379,35.701956476775379],[139.682102227563661,35.70153599337096],[139.682291396379185,35.701210874492929],[139.681792278975053,35.701122324809802],[139.681434746985701,35.701128517347485],[139.68112403108762,35.701208529549213],[139.680679899422728,35.701468792805244],[139.680460467449734,35.701546022712421],[139.680222738553908,35.701635153313426],[139.679951996523783,35.70178684430963],[139.679604354830815,35.702015944889524],[139.679311750553495,35.702131833409744],[139.679147022167967,35.702268752727797],[139.679150556409496,35.702331360177951],[139.678723360705305,35.702823781389199],[139.678616869211851,35.702798595099424],[139.678419453328615,35.70311255648889],[139.678089306637418,35.704039965862506],[139.678034652908281,35.704286946268269],[139.678200468672827,35.704389254513288],[139.67769215800493,35.704986128047686],[139.677590848384966,35.705134256552661],[139.677551206112014,35.705221253082058],[139.677531956995097,35.70534643394803],[139.677251049892419,35.705274763595249],[139.677109216747539,35.705465129600178],[139.676565671986765,35.706079421700117],[139.676093768983975,35.706065904058143],[139.67563950290571,35.706055668588967],[139.675506492514359,35.70605287239529],[139.67557475946731,35.706812190441404],[139.675214830018803,35.706953379497861],[139.67511482402756,35.706956109924448],[139.674654816045972,35.707135800616619],[139.674282682324957,35.707236904949333],[139.673444088675353,35.707231501105547],[139.673014203915585,35.707259547727027],[139.673060679033171,35.708485810022069],[139.673077439736119,35.708536899078652],[139.673096327771276,35.70858749250683],[139.673117320052569,35.708637530784806],[139.673141063669277,35.708688393858438],[139.673159280180045,35.708768095867633],[139.673244025246191,35.708794442191795],[139.676388281584337,35.708057691652321],[139.676884009009711,35.708004677445963],[139.678840040675084,35.708026068185177],[139.679089801334811,35.708055460323308],[139.67930022668898,35.708110104861071],[139.681157693151334,35.708958011694406],[139.681447174863507,35.708650252050056],[139.681795138721156,35.708340657440075],[139.681961559539275,35.708163432453922],[139.68200380262374,35.708090985494032],[139.682032150914068,35.707944113073914],[139.682055043983155,35.707589273016374],[139.682197009064765,35.707354780027408],[139.682490288088246,35.706888667079397]]]]}},
{"type":"Feature","properties":{"A29_001":"13114","A29_002":"東京都","A29_003":"中野区","A29_004":3,"A29_005":"第一種中高層住居専用地域","A29_006":60,"A29_007":200,"A29_008":null},"geometry":{"type":"MultiPolygon","coordinates":[[[[139.682539907555054,35.698075251977649],[139.682530368468122,35.697706776820255],[139.682514694793724,35.69749092597403],[139.678029381725281,35.697968268235648],[139.677767906580016,35.698019443900996],[139.677273269255721,35.698070197694413],[139.67611102220468,35.698115190337155],[139.676030617147632,35.698340575200646],[139.675982651942149,35.699326403737558],[139.675933387443365,35.699613971064345],[139.675530976504717,35.69970251129466],[139.67490219721833,35.69970278950391],[139.674748716352724,35.699684454903171],[139.674337480880268,35.699570011165363],[139.674331962556323,35.699158772060329],[139.674864908440213,35.699280705965691],[139.674992354687419,35.699294705950138],[139.6754942830147,35.699297352548555],[139.675539316767157,35.698402606680233],[139.675564142459649,35.698267178337915],[139.67561007104942,35.698105067042128],[139.675373422970011,35.698092942966959],[139.675333938475831,35.698093034535859],[139.675294454247307,35.698092990887389],[139.675254970286289,35.698092811120056],[139.675215487699916,35.698092494334105],[139.67517600759146,35.69809204143219],[139.675136529959531,35.698091453315811],[139.675097054807736,35.698090728182116],[139.675057584344643,35.698089866935511],[139.675018119675372,35.698088869577383],[139.674978659688293,35.698087736105059],[139.674939555758442,35.698086477797055],[139.673921151484024,35.698051944237704],[139.671336216938045,35.69796897234432],[139.671242001220918,35.698606260912861],[139.671243554030127,35.698886366499245],[139.671317140473576,35.699942964797842],[139.671684808424885,35.700301190182785],[139.67178988759531,35.700388379142119],[139.672132938161695,35.700632096161968],[139.67225403417055,35.700751501955168],[139.672358999506116,35.700895927226206],[139.672402690645953,35.700978263785125],[139.672443316767357,35.701130949998372],[139.672483159884393,35.701673561938762],[139.672436864836982,35.702184086564571],[139.674491412829212,35.70196658715269],[139.675744868175883,35.701665962322878],[139.676995039894479,35.701435900852367],[139.678580898962707,35.701144590930014],[139.68047315483966,35.700796969366749],[139.681113145212976,35.700678671973826],[139.681261357477752,35.700651275471664],[139.681307370993693,35.70064345197617],[139.681355579366283,35.700636671406045],[139.681404048148124,35.700631259417371],[139.681452717657351,35.700627222244229],[139.681501529315398,35.700624567023532],[139.68155042455561,35.700623294582712],[139.681599345911479,35.700623408454724],[139.681880908258591,35.70062850104604],[139.682655463681755,35.700757063873979],[139.682688815802749,35.700512656029417],[139.682628329667978,35.699639120116032],[139.682539907555054,35.698075251977649]]]]}},
{"type":"Feature","properties":{"A29_001":"13114","A29_002":"東京都","A29_003":"中野区","A29_004":3,"A29_005":"第一種中高層住居専用地域","A29_006":60,"A29_007":200,"A29_008":null},"geometry":{"type":"MultiPolygon","coordinates":[[[[139.691398342422787,35.710742784790924],[139.691668341158646,35.710619708700811],[139.69215569188944,35.710367501979199],[139.692773726314414,35.709957839887139],[139.693167526462162,35.709648453653145],[139.693024948030398,35.709581511142147],[139.692695799798031,35.709452726531389],[139.692118525352356,35.709320882707708],[139.691724175937594,35.709093856636713],[139.691552635129739,35.708953543514212],[139.691186617270631,35.708662187718275],[139.690904959280374,35.708484922754288],[139.689975152697428,35.708053468849521],[139.688879179890307,35.707483907207468],[139.688652532013577,35.707342450580654],[139.688547474925571,35.707227850413148],[139.688409769549139,35.70705788182272],[139.688358521466711,35.706939530468446],[139.688319093862873,35.706752509024618],[139.687533106080281,35.707076623464239],[139.687284434031284,35.70714906056272],[139.687058090795517,35.707203465461895],[139.686677319633759,35.707236344976174],[139.6865305872401,35.707461424636932],[139.686459857961637,35.707554149256801],[139.686467190861549,35.707592748311086],[139.686476154305609,35.707631101476352],[139.686486747249972,35.707669176302026],[139.686498938822126,35.707706934892663],[139.6865127169267,35.70774434478394],[139.686528061839311,35.707781314913511],[139.686544982398118,35.707817847995635],[139.68656342565825,35.707853888982001],[139.686583390641346,35.707889369366946],[139.686604847480311,35.707924305337954],[139.686627751056449,35.707958592281088],[139.686652102541899,35.707992194142342],[139.686677868783448,35.708025110880534],[139.68670501782816,35.708057290176725],[139.686733495621468,35.708088678783753],[139.68676365741473,35.708119610637624],[139.686790020792785,35.70814509903213],[139.687734462458252,35.70895789469175],[139.689630040492375,35.710859694641222],[139.689767018515795,35.710918612085997],[139.689951827945436,35.710954725796469],[139.690108585451924,35.710941557168056],[139.690104067265878,35.710851880670752],[139.690214081993048,35.710748742449688],[139.690436054863596,35.7106889268087],[139.691362187509867,35.710445932207925],[139.691398342422787,35.710742784790924]]]]}},
{"type":"Feature","properties":{"A29_001":"13114","A29_002":"東京都","A29_003":"中野区","A29_004":8,"A29_005":"近隣商業地域","A29_006":80,"A29_007":300,"A29_008":null},"geometry":{"type":"MultiPolygon","coordinates":[[[[139.677590848384966,35.705134256552661],[139.676660543625104,35.704864592108827],[139.676750553216948,35.704504256269644],[139.676776947467516,35.704164684778242],[139.676748702857026,35.703058067127948],[139.676742648149883,35.702565821470742],[139.676473698246298,35.702578650894175],[139.676408835352902,35.702221965009635],[139.676593739882264,35.702161153174067],[139.676551857367372,35.702048532611826],[139.676120636920245,35.702129398684932],[139.676214448020346,35.702598625718572],[139.676253802843206,35.704148844355423],[139.67623130523404,35.704438576985325],[139.67618567831019,35.704594726557652],[139.676131030102738,35.704592309315856],[139.675921731883051,35.704813074441233],[139.675789702633381,35.70507697766061],[139.676003240729528,35.705130750147255],[139.677109216747539,35.705465129600178],[139.677251049892419,35.705274763595249],[139.677531956995097,35.70534643394803],[139.677551206112014,35.705221253082058],[139.677590848384966,35.705134256552661]]]]}},
{"type":"Feature","properties":{"A29_001":"13114","A29_002":"東京都","A29_003":"中野区","A29_004":3,"A29_005":"第一種中高層住居専用地域","A29_006":60,"A29_007":200,"A29_008":null},"geometry":{"type":"MultiPolygon","coordinates":[[[[139.684573951251963,35.707464619273352],[139.684648476321939,35.707642145788881],[139.68495389090981,35.708104332485938],[139.684333878407415,35.708393941200278],[139.68512457669425,35.71008552767637],[139.686837390974432,35.710496595985596],[139.688093489302389,35.710796424813388],[139.688104495625083,35.710799008770586],[139.688114824899259,35.710801353950622],[139.688125178623153,35.710803624346021],[139.688135556794975,35.710805820858155],[139.688145958312901,35.710807941682965],[139.688156382069991,35.71080998772041],[139.688166826961123,35.710811958969252],[139.688177294091417,35.71081385543075],[139.688187780146819,35.71081567619953],[139.688198286232648,35.710817421276964],[139.688208811243641,35.710819090661694],[139.688219352969384,35.710820684351035],[139.68822991251497,35.71082220234635],[139.688240486564894,35.710823644643682],[139.688251077331046,35.710825010344188],[139.688261681496328,35.71082630034536],[139.688272299063868,35.710827512844368],[139.688282930030425,35.71082864964405],[139.688293572185557,35.710829710741642],[139.688304226637769,35.710830694335847],[139.68831489006979,35.710831601323903],[139.688325563586659,35.710832431707253],[139.688336244979808,35.710833184581809],[139.688347663587308,35.71083390769617],[139.688938217387033,35.71084180270902],[139.68749342302641,35.709385289698083],[139.686740480358992,35.708749887619611],[139.686326796534871,35.708367661301779],[139.686284308335388,35.708323190228903],[139.686245465739432,35.708279524903396],[139.686208481783439,35.708234798224311],[139.686173399469453,35.70818906342631],[139.686140260692127,35.708142374644105],[139.686109104028986,35.708094786909662],[139.686079966951752,35.708046355253465],[139.686052882506544,35.707997137404647],[139.686027882634022,35.70794719109098],[139.686004998166084,35.707896575841382],[139.685984255517184,35.707845349376768],[139.685965677779336,35.707793573019138],[139.685949288044498,35.707741308090561],[139.685935104985504,35.707688615006127],[139.685923146164811,35.707635556883609],[139.685913424727659,35.707582195032472],[139.685947422936522,35.707271703456954],[139.684573951251963,35.707464619273352]]]]}},
{"type":"Feature","properties":{"A29_001":"13114","A29_002":"東京都","A29_003":"中野区","A29_004":8,"A29_005":"近隣商業地域","A29_006":80,"A29_007":300,"A29_008":null},"geometry":{"type":"MultiPolygon","coordinates":[[[[139.67611102220468,35.698115190337155],[139.67561007104942,35.698105067042128],[139.675564142459649,35.698267178337915],[139.675539316767157,35.698402606680233],[139.6754942830147,35.699297352548555],[139.674992354687419,35.699294705950138],[139.674864908440213,35.699280705965691],[139.674331962556323,35.699158772060329],[139.674337480880268,35.699570011165363],[139.674748716352724,35.699684454903171],[139.67490219721833,35.69970278950391],[139.675530976504717,35.69970251129466],[139.675933387443365,35.699613971064345],[139.675982651942149,35.699326403737558],[139.676030617147632,35.698340575200646],[139.67611102220468,35.698115190337155]]]]}},
{"type":"Feature","properties":{"A29_001":"13114","A29_002":"東京都","A29_003":"中野区","A29_004":3,"A29_005":"第一種中高層住居専用地域","A29_006":60,"A29_007":200,"A29_008":null},"geometry":{"type":"MultiPolygon","coordinates":[[[[139.675789702633381,35.70507697766061],[139.675921731883051,35.704813074441233],[139.676131030102738,35.704592309315856],[139.67618567831019,35.704594726557652],[139.67623130523404,35.704438576985325],[139.676253802843206,35.704148844355423],[139.676214448020346,35.702598625718572],[139.676120636920245,35.702129398684932],[139.674584610044036,35.702463292061118],[139.674266426166469,35.702499122069653],[139.674221282899367,35.704029196725351],[139.67396632060661,35.704028859419473],[139.673949081067661,35.7044638372994],[139.673719965563805,35.704404388861938],[139.673749387695608,35.702551858844231],[139.672293942534139,35.702726321508912],[139.672214370513046,35.703038633356513],[139.672182465552936,35.703637193665507],[139.672294811340549,35.703748240594884],[139.672655148307797,35.704127916859029],[139.672932434702602,35.704369158792055],[139.673006795784659,35.704468230059931],[139.673079666464474,35.704581608529011],[139.673133505734768,35.704708078420111],[139.673156713304451,35.70479992688049],[139.673172496668712,35.70494900238446],[139.67316235821238,35.705632254678974],[139.673096814601195,35.70624030969676],[139.673048082311794,35.706483501695551],[139.673015469802095,35.706707636166307],[139.672994658113993,35.706879319174],[139.673014203915585,35.707259547727027],[139.673444088675353,35.707231501105547],[139.674282682324957,35.707236904949333],[139.674654816045972,35.707135800616619],[139.67511482402756,35.706956109924448],[139.675214830018803,35.706953379497861],[139.67557475946731,35.706812190441404],[139.675506492514359,35.70605287239529],[139.67563950290571,35.706055668588967],[139.676093768983975,35.706065904058143],[139.676565671986765,35.706079421700117],[139.677109216747539,35.705465129600178],[139.676003240729528,35.705130750147255],[139.675789702633381,35.70507697766061]]]]}},
{"type":"Feature","properties":{"A29_001":"13114","A29_002":"東京都","A29_003":"中野区","A29_004":5,"A29_005":"第一種住居地域","A29_006":60,"A29_007":300,"A29_008":null},"geometry":{"type":"MultiPolygon","coordinates":[[[[139.674709338838426,35.694024031585634],[139.674493496289188,35.693984848678021],[139.674379250474431,35.693935150579463],[139.674163470073779,35.693922583946872],[139.673674076014493,35.697232160921644],[139.674256132033747,35.697251375862294],[139.674709338838426,35.694024031585634]]]]}},
{"type":"Feature","properties":{"A29_001":"13114","A29_002":"東京都","A29_003":"中野区","A29_004":8,"A29_005":"近隣商業地域","A29_006":80,"A29_007":300,"A29_008":null},"geometry":{"type":"MultiPolygon","coordinates":[[[[139.674266426166469,35.702499122069653],[139.673749387695608,35.702551858844231],[139.673719965563805,35.704404388861938],[139.673949081067661,35.7044638372994],[139.67396632060661,35.704028859419473],[139.674221282899367,35.704029196725351],[139.674266426166469,35.702499122069653]]]]}},
{"type":"Feature","properties":{"A29_001":"13114","A29_002":"東京都","A29_003":"中野区","A29_004":9,"A29_005":"商業地域","A29_006":80,"A29_007":500,"A29_008":null},"geometry":{"type":"MultiPolygon","coordinates":[[[[139.671298926262637,35.697967774971254],[139.671336216938045,35.69796897234432],[139.673921151484024,35.698051944237704],[139.674939555758442,35.698086477797055],[139.674978659688293,35.698087736105059],[139.675018119675372,35.698088869577383],[139.675057584344643,35.698089866935511],[139.675097054807736,35.698090728182116],[139.675136529959531,35.698091453315811],[139.67517600759146,35.69809204143219],[139.675215487699916,35.698092494334105],[139.675254970286289,35.698092811120056],[139.675294454247307,35.698092990887389],[139.675333938475831,35.698093034535859],[139.675373422970011,35.698092942966959],[139.67561007104942,35.698105067042128],[139.67611102220468,35.698115190337155],[139.677273269255721,35.698070197694413],[139.677767906580016,35.698019443900996],[139.678029381725281,35.697968268235648],[139.682514694793724,35.69749092597403],[139.6825804789828,35.697489815939882],[139.682863702638059,35.697686922513846],[139.683047897012528,35.697684767742629],[139.683002418920353,35.696991904662248],[139.682142643954876,35.697112456511178],[139.681264164882521,35.697209899948824],[139.68127662000802,35.696809256609804],[139.677879424481574,35.697144008059475],[139.677726574835049,35.69719467285654],[139.6763961302577,35.697291321766038],[139.675685864083448,35.697275497047734],[139.675650615526308,35.697276684012643],[139.675615360596254,35.697277739359485],[139.675580100377232,35.697278673906119],[139.67554483597786,35.697279485851183],[139.675509567394869,35.697280176997474],[139.675474295735,35.697280746445031],[139.675439021000415,35.697281193292525],[139.675403745397603,35.697281519345474],[139.675368466718481,35.697281723699788],[139.675333188278245,35.697281806359655],[139.675297910078854,35.697281766423792],[139.675262632116898,35.697281605694911],[139.67522735549926,35.697281323273081],[139.675192080227959,35.697280918256979],[139.675156807404591,35.697280392450807],[139.67512153703106,35.697279744953107],[139.675086271317497,35.697278975766856],[139.675051010264212,35.697278084892048],[139.675015752767905,35.697277071425802],[139.674980151870244,35.697275925897088],[139.674256132033747,35.697251375862294],[139.673674076014493,35.697232160921644],[139.671095542190926,35.697140975205045],[139.670967638855018,35.697067113337333],[139.670502659321812,35.69683944515679],[139.670490367520131,35.697133245134822],[139.67021210426185,35.697100434080902],[139.667897336124156,35.697032207736328],[139.667818399777019,35.697031383763175],[139.667528074335678,35.696823798207312],[139.667340997539725,35.696806846258013],[139.667077401943402,35.697033045603504],[139.667005331291762,35.697034555832516],[139.666866612960661,35.697040017993793],[139.666810849053917,35.697038496975907],[139.666770849164891,35.697037456513016],[139.666755051852221,35.697037047094028],[139.666739578230477,35.697036673273622],[139.666699255613707,35.697035666592754],[139.666643490169463,35.697034357316099],[139.666587725613624,35.697033153474642],[139.666531917891746,35.697031984700814],[139.666476119897709,35.697030921374363],[139.666420332809366,35.697029928343674],[139.666364556624529,35.6970290065101],[139.666308748252106,35.69702815401125],[139.666252938629952,35.697027371791293],[139.666197151992748,35.697026695938433],[139.666141331028768,35.697026055165388],[139.666085544101207,35.697025519873414],[139.666029766973196,35.69702505487578],[139.665973946602975,35.697024661000057],[139.665918124983904,35.69702433650189],[139.665862347416919,35.697024083246973],[139.66580654871089,35.697023899341886],[139.665750694533784,35.69702382169497],[139.665230085455477,35.697023425710654],[139.664528685559134,35.697030344070278],[139.663933414001718,35.697036213243976],[139.662368946919884,35.697053681937611],[139.66192530290175,35.697114048989476],[139.662006687224533,35.697404958756074],[139.662083250660231,35.697877632681809],[139.662158374269438,35.69787266290669],[139.662233601443177,35.697868871316082],[139.662308903452896,35.69786625877051],[139.662385845055553,35.697864796842715],[139.663946237137196,35.697847373607807],[139.665171221715354,35.69783529358056],[139.667091827363123,35.697838096518254],[139.667153782887482,35.697825777110666],[139.667463235635807,35.698045612378131],[139.667638240983251,35.698036635015619],[139.667883156990996,35.697864105105637],[139.667974369073391,35.697867092288256],[139.669736051676949,35.697937423615208],[139.669880728618494,35.697941728323492],[139.670011443436664,35.697945649788096],[139.670315602497482,35.697954723668282],[139.670717075023646,35.697947327543837],[139.6709139991992,35.698143846700901],[139.671108458642379,35.698138645608353],[139.671298926262637,35.697967774971254]]]]}},
{"type":"Feature","properties":{"A29_001":"13114","A29_002":"東京都","A29_003":"中野区","A29_004":5,"A29_005":"第一種住居地域","A29_006":60,"A29_007":300,"A29_008":null},"geometry":{"type":"MultiPolygon","coordinates":[[[[139.673159280180045,35.708768095867633],[139.673141063669277,35.708688393858438],[139.673117320052569,35.708637530784806],[139.673096327771276,35.70858749250683],[139.673077439736119,35.708536899078652],[139.673060679033171,35.708485810022069],[139.673014203915585,35.707259547727027],[139.672994658113993,35.706879319174],[139.673015469802095,35.706707636166307],[139.673048082311794,35.706483501695551],[139.673096814601195,35.70624030969676],[139.67316235821238,35.705632254678974],[139.673172496668712,35.70494900238446],[139.673156713304451,35.70479992688049],[139.673133505734768,35.704708078420111],[139.673079666464474,35.704581608529011],[139.673006795784659,35.704468230059931],[139.672932434702602,35.704369158792055],[139.672655148307797,35.704127916859029],[139.672294811340549,35.703748240594884],[139.672182465552936,35.703637193665507],[139.672214370513046,35.703038633356513],[139.672293942534139,35.702726321508912],[139.672040883438882,35.702931155269155],[139.671842026309804,35.702948775181348],[139.671731106722291,35.702855038867391],[139.671656316618424,35.702787027410217],[139.671582524507585,35.70311070540194],[139.671577372795696,35.703489893219391],[139.671897616246753,35.703268927486853],[139.671873383953141,35.703686247675556],[139.671901397163566,35.703750279326201],[139.671984060022595,35.70384438957236],[139.67254913529419,35.70439762671289],[139.672654211674114,35.704489346119637],[139.672780222741721,35.70463976121367],[139.672856413867066,35.704841840471062],[139.672867784523163,35.7050040269256],[139.67281097130433,35.706118083747924],[139.672496653265853,35.706114086838781],[139.672393154799607,35.706691087367268],[139.6723780746903,35.706920014839419],[139.672453545749192,35.708650339531481],[139.672577905829058,35.708937044047822],[139.672616540534818,35.708930735989128],[139.672733950152178,35.708707907324737],[139.6728743953731,35.708662782104234],[139.673159280180045,35.708768095867633]]]]}},
{"type":"Feature","properties":{"A29_001":"13114","A29_002":"東京都","A29_003":"中野区","A29_004":9,"A29_005":"商業地域","A29_006":80,"A29_007":400,"A29_008":null},"geometry":{"type":"MultiPolygon","coordinates":[[[[139.671243554030127,35.698886366499245],[139.671242001220918,35.698606260912861],[139.671336216938045,35.69796897234432],[139.671298926262637,35.697967774971254],[139.671108458642379,35.698138645608353],[139.6709139991992,35.698143846700901],[139.670717075023646,35.697947327543837],[139.670642903128652,35.698464768950437],[139.670631949680455,35.698960088531223],[139.670768544038793,35.698924086857858],[139.670909072243916,35.698918047878948],[139.671056832239714,35.698903530315697],[139.671243554030127,35.698886366499245]]]]}},
{"type":"Feature","properties":{"A29_001":"13114","A29_002":"東京都","A29_003":"中野区","A29_004":10,"A29_005":"準工業地域","A29_006":60,"A29_007":200,"A29_008":null},"geometry":{"type":"MultiPolygon","coordinates":[[[[139.669691485466558,35.706061480346115],[139.669852537164843,35.706060575039594],[139.670047472420237,35.706064721481653],[139.670107536941202,35.70606418450943],[139.670214135782601,35.706066467772054],[139.670450641310424,35.70606464600106],[139.670614312525885,35.706063405980537],[139.670737148251874,35.706066036093453],[139.670942040076511,35.706064484376704],[139.67137774205105,35.706068565251087],[139.671694024457736,35.706076503628339],[139.671856247254851,35.706081124252208],[139.672496653265853,35.706114086838781],[139.67281097130433,35.706118083747924],[139.672867784523163,35.7050040269256],[139.672856413867066,35.704841840471062],[139.672780222741721,35.70463976121367],[139.672457750683861,35.704696901217957],[139.671814625734299,35.704828817441339],[139.670948000260694,35.70497786300735],[139.669038667657816,35.705268611182646],[139.669062761873221,35.705496160824751],[139.668813569339619,35.705531593546482],[139.668524688748903,35.705533812900214],[139.667763639658574,35.705514588344315],[139.667763706696888,35.705534093958995],[139.66776410140622,35.705646728977712],[139.667764495010942,35.705759363992797],[139.667765657075989,35.70609617834895],[139.66776605079761,35.706208757471266],[139.667927571455209,35.706215192364596],[139.668279191913257,35.706228882127775],[139.668865229225105,35.706232132691412],[139.668877031508174,35.70606862927233],[139.669691485466558,35.706061480346115]]]]}},
{"type":"Feature","properties":{"A29_001":"13114","A29_002":"東京都","A29_003":"中野区","A29_004":3,"A29_005":"第一種中高層住居専用地域","A29_006":60,"A29_007":200,"A29_008":null},"geometry":{"type":"MultiPolygon","coordinates":[[[[139.672577905829058,35.708937044047822],[139.672453545749192,35.708650339531481],[139.6723780746903,35.706920014839419],[139.672393154799607,35.706691087367268],[139.672496653265853,35.706114086838781],[139.671856247254851,35.706081124252208],[139.671694024457736,35.706076503628339],[139.67137774205105,35.706068565251087],[139.670942040076511,35.706064484376704],[139.670737148251874,35.706066036093453],[139.670614312525885,35.706063405980537],[139.670450641310424,35.70606464600106],[139.670214135782601,35.706066467772054],[139.670107536941202,35.70606418450943],[139.670047472420237,35.706064721481653],[139.669852537164843,35.706060575039594],[139.669691485466558,35.706061480346115],[139.669688426116039,35.706183172425412],[139.669765638172947,35.706316830173215],[139.669774161612935,35.706438470191799],[139.669450063471288,35.706453806487147],[139.66909650943532,35.706475643149815],[139.669171088579702,35.706796572282983],[139.669046743591025,35.706833368125785],[139.668913335751171,35.706823025010976],[139.668553622377658,35.706807434159501],[139.66860193046935,35.7070116254882],[139.6686662960619,35.707305178881562],[139.668734368884458,35.707305145801534],[139.668751221668117,35.707641435632652],[139.668740088008974,35.708079044174816],[139.667923978922317,35.708040219855839],[139.667812335640406,35.709610108653678],[139.669287137052578,35.709519878070509],[139.669828231763319,35.709452049343831],[139.672577905829058,35.708937044047822]]]]}},
{"type":"Feature","properties":{"A29_001":"13114","A29_002":"東京都","A29_003":"中野区","A29_004":10,"A29_005":"準工業地域","A29_006":60,"A29_007":200,"A29_008":null},"geometry":{"type":"MultiPolygon","coordinates":[[[[139.694271682395822,35.710956603801542],[139.69393226485272,35.710409598849182],[139.693462974117324,35.709917810785363],[139.693064316454354,35.710229562160592],[139.692577535511447,35.710566854508976],[139.692671899907282,35.71078160316619],[139.692708482526456,35.710930461823637],[139.692718690219323,35.711112200864136],[139.694271682395822,35.710956603801542]]]]}},
{"type":"Feature","properties":{"A29_001":"13114","A29_002":"東京都","A29_003":"中野区","A29_004":9,"A29_005":"商業地域","A29_006":80,"A29_007":400,"A29_008":null},"geometry":{"type":"MultiPolygon","coordinates":[[[[139.670967638855018,35.697067113337333],[139.670717934333567,35.69679203866135],[139.670426313989594,35.696427235429688],[139.67010934972177,35.695875422876512],[139.669849503757348,35.695851880687215],[139.66939600762089,35.695868729814066],[139.669494017504434,35.695977613569873],[139.669606265399693,35.696232447460496],[139.66997182395815,35.696792936330993],[139.67021210426185,35.697100434080902],[139.670490367520131,35.697133245134822],[139.670502659321812,35.69683944515679],[139.670967638855018,35.697067113337333]]]]}},
{"type":"Feature","properties":{"A29_001":"13114","A29_002":"東京都","A29_003":"中野区","A29_004":1,"A29_005":"第一種低層住居専用地域","A29_006":60,"A29_007":150,"A29_008":null},"geometry":{"type":"MultiPolygon","coordinates":[[[[139.680178029369984,35.7111121795499],[139.68040424965136,35.711121036297364],[139.680566764448884,35.711156538758701],[139.680650668744988,35.711166367547619],[139.680924846699298,35.711145847445117],[139.681129610204664,35.711107352431483],[139.681820917610935,35.710854832255315],[139.68193431784448,35.710807277558146],[139.682121113895761,35.710604798435874],[139.682498077469745,35.710348897911395],[139.68229467802314,35.710277337378244],[139.68223215414713,35.710259930270837],[139.682170179738847,35.710241258305224],[139.682108795670331,35.710221333251496],[139.682048039496408,35.710200167776641],[139.681987948773212,35.710177773646556],[139.681928559943373,35.710154167132586],[139.681869910561176,35.710129360902002],[139.68181384471788,35.710104182924063],[139.678999357633046,35.70878783360908],[139.678908182347925,35.708759098214195],[139.676927352480305,35.70872088662199],[139.676580045525043,35.708759188945237],[139.673412870849063,35.709499276593789],[139.673568710594935,35.709945931242316],[139.673671860160937,35.710445862130889],[139.674088315445601,35.711875239486481],[139.674127154810094,35.711987659412323],[139.674247449215244,35.712364904004552],[139.674322390248221,35.712544583679069],[139.675969150386464,35.71200640630655],[139.676404342907006,35.711893693242779],[139.676672355416883,35.711850248251174],[139.677153959081323,35.711816683093843],[139.677921248711471,35.71182340001365],[139.678277207762079,35.711627345885105],[139.679474624537846,35.71103687445995],[139.679862949275417,35.710732583883384],[139.680091543222261,35.710465292740068],[139.680326450668531,35.710565756143609],[139.680402095212798,35.710459964055183],[139.680566624857079,35.710664794850828],[139.680269456751518,35.711010700403946],[139.680178029369984,35.7111121795499]]]]}},
{"type":"Feature","properties":{"A29_001":"13114","A29_002":"東京都","A29_003":"中野区","A29_004":3,"A29_005":"第一種中高層住居専用地域","A29_006":60,"A29_007":200,"A29_008":null},"geometry":{"type":"MultiPolygon","coordinates":[[[[139.634592379422514,35.727216720051572],[139.634812891190506,35.726986229442133],[139.634855167958563,35.726921430943939],[139.633790145479281,35.727091379617185],[139.633439065213736,35.727136586266191],[139.632984924574117,35.727225501795054],[139.625438252695346,35.727331242465105],[139.62530199914525,35.727602231202965],[139.626312179391704,35.727587679237352],[139.626466965142356,35.727674992858489],[139.626664394037618,35.72767175480962],[139.6267933194259,35.727580159018935],[139.632979585412386,35.727488900847867],[139.633796313093598,35.727432902008758],[139.633817364445434,35.72733814463141],[139.634592379422514,35.727216720051572]]]]}},
{"type":"Feature","properties":{"A29_001":"13114","A29_002":"東京都","A29_003":"中野区","A29_004":1,"A29_005":"第一種低層住居専用地域","A29_006":40,"A29_007":80,"A29_008":null},"geometry":{"type":"MultiPolygon","coordinates":[[[[139.635209242519011,35.7322408299746],[139.635414672512553,35.73182076697735],[139.635832719649812,35.731907308824255],[139.636278011753262,35.730779344283782],[139.636133539371173,35.730721242933313],[139.635789143408743,35.730602577559843],[139.635503125140531,35.730502869914631],[139.635125739349405,35.730373210416253],[139.635079811456649,35.730358701306216],[139.635048850743885,35.730347159774041],[139.634812652945016,35.730267458906482],[139.634716188611179,35.730233087653495],[139.635841233987634,35.728803963647586],[139.635964292372591,35.72871592569652],[139.636225425835136,35.728380088315745],[139.634499685311141,35.72842971605197],[139.63399567103599,35.728181124916681],[139.633682749337424,35.727935323163749],[139.634041565423558,35.727721280448712],[139.634592379422514,35.727216720051572],[139.633817364445434,35.72733814463141],[139.633796313093598,35.727432902008758],[139.632979585412386,35.727488900847867],[139.6267933194259,35.727580159018935],[139.626664394037618,35.72767175480962],[139.626466965142356,35.727674992858489],[139.626312179391704,35.727587679237352],[139.62530199914525,35.727602231202965],[139.624885809243096,35.728362681458243],[139.624395245579564,35.729400914339031],[139.62432460182518,35.729572501584983],[139.62434613603196,35.729726362462728],[139.6245249661267,35.730127329397327],[139.625754263634519,35.732189080664781],[139.625983188512521,35.732625705845294],[139.626390021011872,35.732748511008339],[139.626561004080031,35.732683936790274],[139.626716641699005,35.73271443569412],[139.626906585733678,35.732914546958213],[139.627431372509477,35.733107638785327],[139.627687135453897,35.732604870935589],[139.628759725836034,35.732940579566858],[139.629633594472637,35.73312703837184],[139.630270606173411,35.73326628723381],[139.630266094650722,35.733315169227922],[139.630881469125569,35.733444988579642],[139.630842603899623,35.733634617366143],[139.631028861647309,35.733669561815972],[139.631234774441822,35.733708192964123],[139.631668249611437,35.733785924933386],[139.631770746492037,35.733802563549709],[139.631858647091065,35.733817587650044],[139.632081456107898,35.733850478732272],[139.632409730409563,35.733900135017478],[139.632558581169519,35.733918629613484],[139.632683937398753,35.733936847806049],[139.632893141211525,35.733981415256359],[139.633060915567427,35.734018353716287],[139.633132460876141,35.734036846047935],[139.633277492984092,35.734068018238361],[139.633881136572853,35.734215127583951],[139.634523936007497,35.734358646954739],[139.635209242519011,35.7322408299746]]]]}},
{"type":"Feature","properties":{"A29_001":"13114","A29_002":"東京都","A29_003":"中野区","A29_004":1,"A29_005":"第一種低層住居専用地域","A29_006":50,"A29_007":150,"A29_008":null},"geometry":{"type":"MultiPolygon","coordinates":[[[[139.638322499245675,35.726136170465516],[139.638113684527724,35.725712692739016],[139.638044039690584,35.725488402674507],[139.637864774257963,35.722727871271438],[139.634260256563692,35.722820703724125],[139.634360711522362,35.722410673364806],[139.63418924963085,35.722267695413791],[139.632836806432948,35.721733456362919],[139.633161065730263,35.720217661534534],[139.633637018019613,35.720243533995962],[139.63471286957116,35.720689351660482],[139.635019185063243,35.720758540920002],[139.635127171235951,35.720808085511152],[139.635264478157978,35.720905852521717],[139.635308259234165,35.720901393330522],[139.635333232455139,35.720854929572184],[139.635535621119033,35.720955597322295],[139.63569513275263,35.721153632473118],[139.635913825727556,35.721336195043008],[139.636078072044029,35.721413045739311],[139.636691035253591,35.721515417145326],[139.636733074408994,35.721545535116697],[139.636802826210811,35.721556183191936],[139.636927504284188,35.721526614696018],[139.636812845727519,35.721374829659638],[139.636627440149681,35.721053921526043],[139.6364650353554,35.720497982602389],[139.636233309278225,35.719591354804699],[139.6360897863905,35.719041742214678],[139.636071458852399,35.718907030078341],[139.635927635829404,35.717216005120633],[139.635883021465162,35.716745785029929],[139.634238836825688,35.716931030933722],[139.633645025361574,35.716998015777286],[139.632947380614468,35.717071979440782],[139.632431122233726,35.717115238741279],[139.63214638249093,35.717110561986011],[139.632116107013218,35.717372277917818],[139.631992093712171,35.717392853535365],[139.631447288940336,35.718112135412781],[139.631373358031311,35.71809501699618],[139.631146795475644,35.718521827709139],[139.631235581671262,35.718567766246494],[139.631300014313638,35.71899333429981],[139.631337196483258,35.719092607083631],[139.631568084488208,35.719381086042588],[139.631635397624819,35.719592974843472],[139.631691437248747,35.719754109702883],[139.631663155827113,35.719836101646003],[139.630843372817168,35.720667400380123],[139.630662269131733,35.720651839078613],[139.630506498494583,35.720887432989024],[139.630280357430138,35.72068731928335],[139.629974364872822,35.720607863598453],[139.629626218748854,35.720429840906071],[139.628855144082166,35.72101419317481],[139.628513859516744,35.721526358475018],[139.628209272379308,35.721981944810793],[139.628167967195793,35.722408168699545],[139.628079649780489,35.722634580090045],[139.6275871583899,35.723656249013302],[139.627220164234672,35.724207120442607],[139.625604577794775,35.727000592833079],[139.625561715861522,35.727081638206371],[139.626325114799215,35.727074476400851],[139.6264510501492,35.72700791686605],[139.626651131666989,35.727005164635543],[139.62678690898764,35.72706293969015],[139.633002536434702,35.726966535156471],[139.638322499245675,35.726136170465516]]]]}},
{"type":"Feature","properties":{"A29_001":"13114","A29_002":"東京都","A29_003":"中野区","A29_004":5,"A29_005":"第一種住居地域","A29_006":60,"A29_007":300,"A29_008":null},"geometry":{"type":"MultiPolygon","coordinates":[[[[139.634592379422514,35.727216720051572],[139.63852148477099,35.726600448988584],[139.638508995077558,35.726567436998671],[139.638453630432451,35.726555849034426],[139.638240032216856,35.726472202975778],[139.63829872974739,35.726288763117793],[139.638363247202363,35.726217321805734],[139.638322499245675,35.726136170465516],[139.633002536434702,35.726966535156471],[139.62678690898764,35.72706293969015],[139.626651131666989,35.727005164635543],[139.6264510501492,35.72700791686605],[139.626325114799215,35.727074476400851],[139.625561715861522,35.727081638206371],[139.625438252695346,35.727331242465105],[139.632984924574117,35.727225501795054],[139.633439065213736,35.727136586266191],[139.633790145479281,35.727091379617185],[139.634855167958563,35.726921430943939],[139.634812891190506,35.726986229442133],[139.634592379422514,35.727216720051572]]]]}},
{"type":"Feature","properties":{"A29_001":"13114","A29_002":"東京都","A29_003":"中野区","A29_004":3,"A29_005":"第一種中高層住居専用地域","A29_006":60,"A29_007":200,"A29_008":null},"geometry":{"type":"MultiPolygon","coordinates":[[[[139.637864774257963,35.722727871271438],[139.637849314894311,35.722351991665391],[139.637653639347519,35.722002529602491],[139.637508788068857,35.721918346775539],[139.63706954747704,35.721669605382985],[139.636927504284188,35.721526614696018],[139.636802826210811,35.721556183191936],[139.636733074408994,35.721545535116697],[139.636691035253591,35.721515417145326],[139.636078072044029,35.721413045739311],[139.635913825727556,35.721336195043008],[139.63569513275263,35.721153632473118],[139.635535621119033,35.720955597322295],[139.635333232455139,35.720854929572184],[139.635308259234165,35.720901393330522],[139.635264478157978,35.720905852521717],[139.635127171235951,35.720808085511152],[139.635019185063243,35.720758540920002],[139.63471286957116,35.720689351660482],[139.633637018019613,35.720243533995962],[139.633161065730263,35.720217661534534],[139.632836806432948,35.721733456362919],[139.63418924963085,35.722267695413791],[139.634360711522362,35.722410673364806],[139.634260256563692,35.722820703724125],[139.637864774257963,35.722727871271438]]]]}},
{"type":"Feature","properties":{"A29_001":"13114","A29_002":"東京都","A29_003":"中野区","A29_004":5,"A29_005":"第一種住居地域","A29_006":60,"A29_007":300,"A29_008":null},"geometry":{"type":"MultiPolygon","coordinates":[[[[139.636580814472467,35.718932269850228],[139.636419739522353,35.716886745906869],[139.636392741905411,35.716704103998133],[139.636110943300963,35.716720667971245],[139.635883021465162,35.716745785029929],[139.635927635829404,35.717216005120633],[139.636071458852399,35.718907030078341],[139.636330432643916,35.718952847049792],[139.636580814472467,35.718932269850228]]]]}},
{"type":"Feature","properties":{"A29_001":"13114","A29_002":"東京都","A29_003":"中野区","A29_004":1,"A29_005":"第一種低層住居専用地域","A29_006":50,"A29_007":150,"A29_008":null},"geometry":{"type":"MultiPolygon","coordinates":[[[[139.638992611210199,35.728010048603785],[139.638694980589264,35.727059019519238],[139.63852148477099,35.726600448988584],[139.634592379422514,35.727216720051572],[139.634041565423558,35.727721280448712],[139.633682749337424,35.727935323163749],[139.63399567103599,35.728181124916681],[139.634499685311141,35.72842971605197],[139.636225425835136,35.728380088315745],[139.635964292372591,35.72871592569652],[139.635841233987634,35.728803963647586],[139.634716188611179,35.730233087653495],[139.634812652945016,35.730267458906482],[139.635048850743885,35.730347159774041],[139.635079811456649,35.730358701306216],[139.635125739349405,35.730373210416253],[139.635503125140531,35.730502869914631],[139.635789143408743,35.730602577559843],[139.636133539371173,35.730721242933313],[139.636278011753262,35.730779344283782],[139.635832719649812,35.731907308824255],[139.635414672512553,35.73182076697735],[139.635209242519011,35.7322408299746],[139.636270102219072,35.7324565436546],[139.63644248420195,35.732533141354025],[139.636717353233962,35.731819288125358],[139.636509130273993,35.731758594433828],[139.636711646856867,35.731314918146715],[139.636647387658826,35.731279040226298],[139.63682068137885,35.730983600714623],[139.637634355895017,35.729558780251828],[139.637527960939877,35.729530823541303],[139.63764458124723,35.729204764292923],[139.637674540122731,35.729153300014723],[139.637775959302047,35.72905122315963],[139.637926084889642,35.728909022030976],[139.637968365988598,35.728841837603397],[139.638063596862935,35.728650249347496],[139.637880125385976,35.728504391060916],[139.638786276066014,35.728063313128018],[139.638992611210199,35.728010048603785]]]]}},
{"type":"Feature","properties":{"A29_001":"13114","A29_002":"東京都","A29_003":"中野区","A29_004":1,"A29_005":"第一種低層住居専用地域","A29_006":60,"A29_007":150,"A29_008":null},"geometry":{"type":"MultiPolygon","coordinates":[[[[139.639664178698979,35.72641774374555],[139.639097634613023,35.726505776796252],[139.639269840264546,35.726936531377063],[139.639503194831207,35.727676691592166],[139.639756674617416,35.72735371238678],[139.639687617126157,35.726884260471913],[139.639664178698979,35.72641774374555]]]]}},
{"type":"Feature","properties":{"A29_001":"13114","A29_002":"東京都","A29_003":"中野区","A29_004":1,"A29_005":"第一種低層住居専用地域","A29_006":50,"A29_007":150,"A29_008":null},"geometry":{"type":"MultiPolygon","coordinates":[[[[139.643714713515521,35.722564631949133],[139.643537028533302,35.722566984009433],[139.64321752676392,35.72258538517201],[139.642349226853725,35.72263388864733],[139.641771108688886,35.722614716322553],[139.641214059004682,35.722604376333052],[139.641000046168557,35.722603190135651],[139.640939154271166,35.722603345247272],[139.640503131887925,35.722604457772725],[139.639468598532886,35.722608686210897],[139.639960519703862,35.723572962502075],[139.63920751567025,35.723841239671216],[139.638536265368543,35.723922105361268],[139.638629633932993,35.725437369543094],[139.638676847745927,35.725565632280308],[139.638910666982383,35.726061035154835],[139.641200123175395,35.725692077661449],[139.641320908713936,35.725632648891327],[139.643549404956019,35.72496041202993],[139.64357301760117,35.723882968140082],[139.643783652536825,35.723262126170255],[139.643795779857925,35.723229633170028],[139.643814463993607,35.723182221246354],[139.643841587843667,35.723111247504683],[139.643868265562361,35.723041006761754],[139.643885105124241,35.722987354505541],[139.643902525026476,35.72293227450217],[139.643906059156762,35.722923239410903],[139.643933848939014,35.722835105680758],[139.643941421223218,35.722810943088362],[139.643943576395003,35.722805431951251],[139.643971389667769,35.722717145016134],[139.643996681012197,35.722638003823796],[139.644026996174631,35.722541959186955],[139.643714713515521,35.722564631949133]]]]}},
{"type":"Feature","properties":{"A29_001":"13114","A29_002":"東京都","A29_003":"中野区","A29_004":10,"A29_005":"準工業地域","A29_006":60,"A29_007":200,"A29_008":null},"geometry":{"type":"MultiPolygon","coordinates":[[[[139.641633944014785,35.717217214793862],[139.641802980161373,35.717047905635198],[139.642129730721308,35.716883869457931],[139.642228162921725,35.716811048903409],[139.64247408056616,35.716696965584788],[139.642251949772771,35.716401843651326],[139.641767407351608,35.716515546924612],[139.641412734896988,35.716616577141664],[139.641096590638995,35.716747717170769],[139.640927921699557,35.71684188832247],[139.641036308447468,35.717008048224137],[139.641132736349903,35.717039682492334],[139.641218461503058,35.717144276493478],[139.64116022948636,35.717281551791821],[139.641219525766303,35.717431893005227],[139.641305567292818,35.717404842856133],[139.641579860163631,35.717166316657725],[139.641633944014785,35.717217214793862]]]]}},
{"type":"Feature","properties":{"A29_001":"13114","A29_002":"東京都","A29_003":"中野区","A29_004":1,"A29_005":"第一種低層住居専用地域","A29_006":60,"A29_007":150,"A29_008":null},"geometry":{"type":"MultiPolygon","coordinates":[[[[139.639468598532886,35.722608686210897],[139.640503131887925,35.722604457772725],[139.640939154271166,35.722603345247272],[139.641000046168557,35.722603190135651],[139.641214059004682,35.722604376333052],[139.641771108688886,35.722614716322553],[139.642349226853725,35.72263388864733],[139.64321752676392,35.72258538517201],[139.643537028533302,35.722566984009433],[139.643714713515521,35.722564631949133],[139.644026996174631,35.722541959186955],[139.644085463824609,35.722292034677174],[139.644228101945032,35.721913383512131],[139.64445180079997,35.721305872689641],[139.645032197125772,35.720238362923965],[139.645560288818132,35.719519912805929],[139.645641010373623,35.719018263093375],[139.64594043551358,35.719033992849127],[139.646545991220506,35.718197369498846],[139.646936507922504,35.71827619857509],[139.647680984941672,35.718355541146956],[139.650923485855373,35.718777374064757],[139.651500955387888,35.718804408000544],[139.651636975917683,35.71880802573763],[139.651761358642318,35.718832615930751],[139.651907850247511,35.718857753418952],[139.652293832184625,35.71864080541814],[139.652437340928742,35.718135936152265],[139.653002985010062,35.718236949430676],[139.653106709747249,35.718277647531188],[139.653233844016199,35.718081915157356],[139.653258231949224,35.715084364776281],[139.653143171665647,35.714928111325534],[139.65314059233566,35.714240373506058],[139.652949431344268,35.714220520117244],[139.652475832412648,35.714162572530611],[139.652093058532273,35.71402844412966],[139.650716868604974,35.713341378172743],[139.649431300271061,35.713237666299662],[139.648968565884587,35.714126687832774],[139.64838641417694,35.715110029308875],[139.647867807904561,35.715923186258259],[139.647326971306143,35.715853190447675],[139.647166217611243,35.715817168887114],[139.647002634135788,35.715740599997773],[139.647603985108333,35.714804166085081],[139.647606550687982,35.714799847479064],[139.647608747090771,35.714796298236074],[139.647817578265546,35.714464918169412],[139.647822564965679,35.714456993641747],[139.647845351770826,35.71442049497179],[139.647867752614445,35.714384145004324],[139.647889919760047,35.714347699864923],[139.647911852589317,35.714311160570745],[139.647933550506423,35.714274528115169],[139.64795501291934,35.714237803498079],[139.647976239232349,35.714200987739467],[139.647997228871304,35.714164081835413],[139.64800711730021,35.714146453856145],[139.648014513914745,35.714133267997624],[139.648017981258619,35.714127086802534],[139.648038495820003,35.714090003664914],[139.648058772002173,35.714052833423324],[139.648078809245277,35.714015577104533],[139.648098606999582,35.713978235731545],[139.648118334830741,35.713940484811403],[139.648131908682103,35.713914320269268],[139.648466219483964,35.713222767913393],[139.648918922827249,35.712446472477794],[139.649233378362425,35.711791098114404],[139.649341203576967,35.711583244707001],[139.649343500469911,35.711578788851625],[139.649346005394278,35.711573862211793],[139.649348456589735,35.711568968990264],[139.649350876336712,35.711564065367803],[139.649353264570607,35.711559151475683],[139.649355621220025,35.711554227460724],[139.64935794622707,35.711549293444207],[139.649360239525464,35.711544349566189],[139.649362501051343,35.711539395964884],[139.649364730743741,35.711534432773782],[139.649366928541866,35.7115294601277],[139.649369094384866,35.711524478165032],[139.649371228212487,35.711519487023928],[139.649373329968256,35.711514486836904],[139.649375399594277,35.711509477741309],[139.649377437031887,35.71150445987918],[139.649379442227115,35.711499433383743],[139.649381415124338,35.711494398394429],[139.649383355668732,35.711489355050745],[139.649385263807915,35.711484303489073],[139.649387139490699,35.711479243845332],[139.649388982663993,35.711474176261838],[139.649390793276552,35.711469100880485],[139.649392571282107,35.711464017830437],[139.649394316627735,35.711458927263095],[139.649396029268132,35.711453829310848],[139.649397709155409,35.711448724115726],[139.649399356246391,35.71144361180977],[139.649400970490632,35.711438492548645],[139.649402551848027,35.711433366460213],[139.649404100273841,35.711428233689382],[139.649405615725271,35.711423094377949],[139.649407098161078,35.711417948665776],[139.649408547541896,35.711412796689871],[139.649409963825519,35.711407638599816],[139.64941134697591,35.711402474526821],[139.649412696952822,35.711397304621698],[139.649414013720133,35.711392129022364],[139.649415297241489,35.711386947871823],[139.649416547482588,35.711381761308914],[139.649417764409009,35.711376569475831],[139.649418947985936,35.711371372521903],[139.649420098181395,35.711366170586686],[139.649421214965855,35.711360963804445],[139.649422298307371,35.711355752323655],[139.649423348174622,35.711350536295534],[139.649424364541034,35.71134531585232],[139.649425347378127,35.711340091139171],[139.64942629665984,35.711334862295843],[139.649427212357324,35.711329629480346],[139.649428094448353,35.711324392820323],[139.649428942907775,35.711319152465798],[139.649429757712824,35.711313908555681],[139.649430538839312,35.711308661246996],[139.649431286268026,35.711303410668663],[139.649431999977907,35.711298156968361],[139.649432679948404,35.711292900297536],[139.649433326162381,35.711287640789443],[139.649433938600282,35.711282378601467],[139.649434517247585,35.711277113859758],[139.649435062086525,35.71127184672639],[139.649435573103062,35.711266577336048],[139.649436050282759,35.711261305838448],[139.649436493612939,35.711256032373718],[139.649436903081664,35.711250757083576],[139.649437278676771,35.711245480124553],[139.649437620389079,35.71124020162619],[139.6494379282083,35.711234921747717],[139.649438202126873,35.711229640618633],[139.649438442136386,35.711224358400891],[139.649438648230785,35.711219075227099],[139.649438820404555,35.711213791244404],[139.649438958652553,35.711208506603157],[139.649439062971368,35.711203221436058],[139.649439133357959,35.711197935899861],[139.649439169810449,35.711192650136034],[139.649439172327789,35.711187364290282],[139.649439140910061,35.711182078500492],[139.649439075558007,35.711176792923176],[139.649438976273387,35.711171507695475],[139.649438843058959,35.71116622295991],[139.649438675918589,35.711160938869966],[139.649438474856652,35.711155655566195],[139.64943823987872,35.711150373192346],[139.649437953004451,35.711144738611367],[139.649389611121279,35.710251700785726],[139.648440300925017,35.710493882351727],[139.646350998170249,35.711127414518678],[139.64284281053898,35.712122635587683],[139.64211812542186,35.712306712540503],[139.641942864225683,35.712452697899806],[139.641495294816679,35.712766787857824],[139.641567317585867,35.713251157931033],[139.641633483615124,35.713706772995302],[139.64162415120424,35.713940475112743],[139.641591907192122,35.714583145401903],[139.641610049495682,35.7149444816243],[139.640822674428875,35.715253257387978],[139.639036113890427,35.715779826697784],[139.638210902320765,35.716007438763953],[139.63803518761074,35.716112087857454],[139.637753960954569,35.716313152344021],[139.637425931936747,35.716518909718708],[139.637225463420549,35.716580589734313],[139.636789547622328,35.716657386757205],[139.636392741905411,35.716704103998133],[139.636419739522353,35.716886745906869],[139.636580814472467,35.718932269850228],[139.636765691270341,35.719537850651825],[139.637070478723672,35.720777619063995],[139.637237766913756,35.721105978528165],[139.63738785098883,35.721321680556287],[139.638063204519256,35.721707337616557],[139.63823084837577,35.721919266192195],[139.638409104319152,35.722277284619537],[139.638477727387368,35.722620219897586],[139.639468598532886,35.722608686210897]],[[139.641412734896988,35.716616577141664],[139.641767407351608,35.716515546924612],[139.642251949772771,35.716401843651326],[139.64247408056616,35.716696965584788],[139.642228162921725,35.716811048903409],[139.642129730721308,35.716883869457931],[139.641802980161373,35.717047905635198],[139.641633944014785,35.717217214793862],[139.641753118127866,35.717354043043912],[139.641590987235276,35.717648554240469],[139.641313554241805,35.717732536143181],[139.641030695201351,35.717883761942495],[139.64006821707801,35.717822947725445],[139.639725244952302,35.717884530706534],[139.639450761835718,35.717896490116708],[139.639540903706603,35.718108888327386],[139.639715611229008,35.718421586888503],[139.640053470890734,35.718989727888335],[139.64019603083895,35.71929521948217],[139.64021919035747,35.719393036109636],[139.640227618405191,35.719536141525886],[139.640159533109369,35.719877067918148],[139.639182297199085,35.720068669337742],[139.639022117796202,35.719794151379354],[139.638671653682138,35.719600410955266],[139.638326723676386,35.719242504378968],[139.63807484856099,35.718796126230004],[139.638037093064213,35.718688746038623],[139.638027125338425,35.718579026067985],[139.638071885622679,35.717613228247693],[139.637800158893214,35.717608060500197],[139.637809950727586,35.717097672006304],[139.637448796292432,35.717095892278657],[139.637452292619173,35.716862181127901],[139.637139424540379,35.716857733876921],[139.637136412458119,35.716744664779185],[139.63725021080063,35.716739233810877],[139.637403112506206,35.716731940175947],[139.637667604910376,35.716709899971086],[139.638359867061695,35.716441533633713],[139.638545387726708,35.716513380027919],[139.639254939633133,35.716348778183445],[139.640407643549736,35.71613480117049],[139.640436932692239,35.716115769189415],[139.640654782729371,35.716120887897418],[139.640916643731202,35.716065262496038],[139.641010163562242,35.716205260537059],[139.641233010411241,35.716199892772494],[139.641412734896988,35.716616577141664]]]]}},
{"type":"Feature","properties":{"A29_001":"13114","A29_002":"東京都","A29_003":"中野区","A29_004":1,"A29_005":"第一種低層住居専用地域","A29_006":60,"A29_007":150,"A29_008":null},"geometry":{"type":"MultiPolygon","coordinates":[[[[139.647203658564479,35.725329316752045],[139.647207744763591,35.724519525883849],[139.646298081600776,35.724686096758312],[139.646214053637266,35.724702380899785],[139.646131347017814,35.724719894689876],[139.646049103576615,35.724738804449835],[139.645967359808367,35.724759101223732],[139.64588614999451,35.724780776953686],[139.645804322659671,35.724804161548313],[139.644065083895669,35.725352329901753],[139.644363342289864,35.725350782736079],[139.644941818518816,35.725347779879684],[139.645168404137451,35.725346627801486],[139.645335009801698,35.725345780420177],[139.645504672667812,35.725346850439536],[139.646685580560927,35.725337142231609],[139.647203658564479,35.725329316752045]]]]}},
{"type":"Feature","properties":{"A29_001":"13114","A29_002":"東京都","A29_003":"中野区","A29_004":1,"A29_005":"第一種低層住居専用地域","A29_006":50,"A29_007":150,"A29_008":null},"geometry":{"type":"MultiPolygon","coordinates":[[[[139.649283075466059,35.72359757945086],[139.64915321509045,35.722711642352074],[139.64910910163735,35.721929011340805],[139.648972753450181,35.721809082985203],[139.648894908306517,35.721749138640007],[139.64878151449804,35.721632737672891],[139.649417343594507,35.721107848457592],[139.649590422944669,35.720875588541041],[139.649215821978004,35.720990681940066],[139.645432989398216,35.72222973406766],[139.64539028857314,35.72235562091317],[139.645352939888312,35.722511808106731],[139.645343871915088,35.722573534479629],[139.645326347761937,35.722687769957233],[139.645067249680579,35.722690301806168],[139.644960573775506,35.722691818092024],[139.644735270496284,35.722739162479591],[139.644480814217417,35.722747110445496],[139.644442022776502,35.72286997259679],[139.644424273431241,35.722917249080545],[139.644422731890756,35.722921295575787],[139.644409934321089,35.722955498373054],[139.644360161548036,35.723088318741425],[139.644340000204551,35.723142174966235],[139.644326421880407,35.723178383858667],[139.644307194957406,35.723229706015339],[139.644301589974191,35.723244608431081],[139.644284078210546,35.723291374192286],[139.644260788936521,35.723353535137534],[139.644197023376364,35.723523689459199],[139.644176601581592,35.723578214053092],[139.644069775003771,35.723863276439829],[139.644022958761241,35.723988252243771],[139.644025083646937,35.724186428770068],[139.644027391228462,35.724425269566083],[139.644029645972239,35.724592283537824],[139.644032180956174,35.724649337347039],[139.644031556002801,35.724728284746625],[139.644031526381781,35.724798990137501],[139.645599667266026,35.724337344311706],[139.645691056522537,35.724311227405956],[139.645784286602293,35.724286343655052],[139.645878129725418,35.724263043575597],[139.645972544975194,35.72424133701751],[139.646067492542642,35.724221232931171],[139.646162033544528,35.724202914634944],[139.64723713559863,35.723983793228207],[139.64736025708612,35.723843478792382],[139.647546782734594,35.723831092351055],[139.647691665786567,35.723907631575386],[139.649283075466059,35.72359757945086]]]]}},
{"type":"Feature","properties":{"A29_001":"13114","A29_002":"東京都","A29_003":"中野区","A29_004":1,"A29_005":"第一種低層住居専用地域","A29_006":60,"A29_007":150,"A29_008":null},"geometry":{"type":"MultiPolygon","coordinates":[[[[139.645432989398216,35.72222973406766],[139.649215821978004,35.720990681940066],[139.649504098950331,35.720587548875791],[139.65046993028912,35.719747639969988],[139.650346862689133,35.719353893429279],[139.650292156485079,35.719098796177946],[139.646776340925811,35.718649521187537],[139.645442776837029,35.720444379275037],[139.644899979972678,35.72144326577903],[139.644540444928396,35.722465631089932],[139.645432989398216,35.72222973406766]]]]}},
{"type":"Feature","properties":{"A29_001":"13114","A29_002":"東京都","A29_003":"中野区","A29_004":5,"A29_005":"第一種住居地域","A29_006":60,"A29_007":200,"A29_008":null},"geometry":{"type":"MultiPolygon","coordinates":[[[[139.647827348074117,35.724403317666784],[139.647696134372211,35.724427113375114],[139.647602391609098,35.724556705285146],[139.64743621526992,35.724581251266763],[139.647270914001155,35.724507958992184],[139.647207744763591,35.724519525883849],[139.647203658564479,35.725329316752045],[139.647510241118056,35.725333350667817],[139.64751620071732,35.72572564536754],[139.647509538980046,35.726631341462834],[139.647816867885751,35.726639222704534],[139.647822818128361,35.725297708526263],[139.647827348074117,35.724403317666784]]]]}},
{"type":"Feature","properties":{"A29_001":"13114","A29_002":"東京都","A29_003":"中野区","A29_004":1,"A29_005":"第一種低層住居専用地域","A29_006":60,"A29_007":150,"A29_008":null},"geometry":{"type":"MultiPolygon","coordinates":[[[[139.651232052523284,35.720620815558291],[139.650948793086656,35.720694794382737],[139.650899451991791,35.720444626761434],[139.649590422944669,35.720875588541041],[139.649417343594507,35.721107848457592],[139.64878151449804,35.721632737672891],[139.648894908306517,35.721749138640007],[139.648972753450181,35.721809082985203],[139.64910910163735,35.721929011340805],[139.64915321509045,35.722711642352074],[139.649283075466059,35.72359757945086],[139.651178334059267,35.723160654579793],[139.652477582643911,35.722804049913286],[139.652407991666138,35.722539225387919],[139.652143370022429,35.721870767137531],[139.652118150285048,35.721384514906731],[139.652166011432087,35.720912383753351],[139.652197978622468,35.720609848167427],[139.651232052523284,35.720620815558291]]]]}},
{"type":"Feature","properties":{"A29_001":"13114","A29_002":"東京都","A29_003":"中野区","A29_004":1,"A29_005":"第一種低層住居専用地域","A29_006":60,"A29_007":150,"A29_008":null},"geometry":{"type":"MultiPolygon","coordinates":[[[[139.653421516662974,35.726245461410315],[139.653358474970048,35.725459273597416],[139.653362187897073,35.724848754175177],[139.653352738278272,35.723935575813364],[139.653290946667823,35.723195484981829],[139.652867525921096,35.723237621279573],[139.652624092964288,35.723302710465063],[139.652148360225738,35.723429928711127],[139.649404221507808,35.72409952432605],[139.647827348074117,35.724403317666784],[139.647822818128361,35.725297708526263],[139.647816867885751,35.726639222704534],[139.648795934817855,35.72666432648591],[139.648987040760119,35.726660804018579],[139.650143374679459,35.726626564267924],[139.650333883082169,35.726831076507096],[139.651141510858366,35.726367861421707],[139.651228820486239,35.726325512449421],[139.651544005264981,35.726181825704749],[139.651865790502569,35.72611366239861],[139.652083804211713,35.726096784908378],[139.652150696581884,35.726262633603255],[139.653421516662974,35.726245461410315]]]]}},
{"type":"Feature","properties":{"A29_001":"13114","A29_002":"東京都","A29_003":"中野区","A29_004":3,"A29_005":"第一種中高層住居専用地域","A29_006":60,"A29_007":200,"A29_008":null},"geometry":{"type":"MultiPolygon","coordinates":[[[[139.649431300271061,35.713237666299662],[139.650716868604974,35.713341378172743],[139.652093058532273,35.71402844412966],[139.652475832412648,35.714162572530611],[139.652949431344268,35.714220520117244],[139.65314059233566,35.714240373506058],[139.653153516764235,35.714130540193629],[139.653312541884731,35.713000170500166],[139.653483703844643,35.711699480756707],[139.653660655750116,35.710042221442635],[139.651006806248716,35.709799592488707],[139.650227101900384,35.709988721364233],[139.650323468771944,35.711462696965924],[139.650259817978252,35.71166587045002],[139.649431300271061,35.713237666299662]]]]}},
{"type":"Feature","properties":{"A29_001":"13114","A29_002":"東京都","A29_003":"中野区","A29_004":5,"A29_005":"第一種住居地域","A29_006":60,"A29_007":200,"A29_008":null},"geometry":{"type":"MultiPolygon","coordinates":[[[[139.652292583863584,35.719972253834683],[139.65192658220505,35.720099948502565],[139.651665926277076,35.720187486188159],[139.650899451991791,35.720444626761434],[139.650948793086656,35.720694794382737],[139.651232052523284,35.720620815558291],[139.652197978622468,35.720609848167427],[139.652292583863584,35.719972253834683]]]]}},
{"type":"Feature","properties":{"A29_001":"13114","A29_002":"東京都","A29_003":"中野区","A29_004":9,"A29_005":"商業地域","A29_006":80,"A29_007":400,"A29_008":null},"geometry":{"type":"MultiPolygon","coordinates":[[[[139.652654095496047,35.720655846268521],[139.652685478321871,35.720432924483156],[139.652754744094324,35.720117017836422],[139.65274514849213,35.719896386451921],[139.652741671644804,35.719430157015701],[139.652799464085405,35.718749707874913],[139.65229163439821,35.718935816890223],[139.652251692183285,35.719693648241048],[139.652292583863584,35.719972253834683],[139.652197978622468,35.720609848167427],[139.652426115162882,35.720598267009755],[139.652417126066126,35.720693648093693],[139.652654095496047,35.720655846268521]]]]}},
{"type":"Feature","properties":{"A29_001":"13114","A29_002":"東京都","A29_003":"中野区","A29_004":5,"A29_005":"第一種住居地域","A29_006":60,"A29_007":200,"A29_008":null},"geometry":{"type":"MultiPolygon","coordinates":[[[[139.652685478321871,35.720432924483156],[139.652654095496047,35.720655846268521],[139.652595158858048,35.721443183237248],[139.652641362854524,35.721830794345038],[139.652890222441357,35.722487482420931],[139.652969215491993,35.722733718823868],[139.653299174493981,35.722703686650924],[139.653264202478539,35.720396277815453],[139.652685478321871,35.720432924483156]]]]}},
{"type":"Feature","properties":{"A29_001":"13114","A29_002":"東京都","A29_003":"中野区","A29_004":9,"A29_005":"商業地域","A29_006":80,"A29_007":400,"A29_008":null},"geometry":{"type":"MultiPolygon","coordinates":[[[[139.653291905084217,35.717968464942636],[139.653233844016199,35.718081915157356],[139.653106709747249,35.718277647531188],[139.652957984159599,35.718507096522302],[139.652972317799481,35.718690816313988],[139.653079391990815,35.718663937989142],[139.653242505079277,35.718627941818852],[139.65328828540018,35.718617562572028],[139.653369972909218,35.718599042680175],[139.653466098004913,35.718577942061025],[139.653610584579042,35.718549236633599],[139.653751200803271,35.718520792248754],[139.653757870676543,35.71809338242938],[139.653638552346905,35.718094635247844],[139.653291905084217,35.717968464942636]]]]}},
{"type":"Feature","properties":{"A29_001":"13114","A29_002":"東京都","A29_003":"中野区","A29_004":5,"A29_005":"第一種住居地域","A29_006":60,"A29_007":200,"A29_008":null},"geometry":{"type":"MultiPolygon","coordinates":[[[[139.655342369434351,35.718995076206511],[139.655227950610822,35.718965918251335],[139.655128547320231,35.71895555790595],[139.654950488794952,35.718939646715462],[139.654885606731995,35.718933085147988],[139.654844879836133,35.718930044905719],[139.654739875277841,35.718919052196973],[139.654664181164947,35.718913003578592],[139.654584788073805,35.718900009517668],[139.654264750872642,35.718816063439881],[139.654262342770267,35.719238817041429],[139.654436494622161,35.719205509068125],[139.65488240442366,35.719104575829057],[139.655342369434351,35.718995076206511]]]]}},
{"type":"Feature","properties":{"A29_001":"13114","A29_002":"東京都","A29_003":"中野区","A29_004":1,"A29_005":"第一種低層住居専用地域","A29_006":60,"A29_007":150,"A29_008":null},"geometry":{"type":"MultiPolygon","coordinates":[[[[139.657682662316432,35.716712232914858],[139.657591887331449,35.716766952326452],[139.657654661612725,35.716652441281852],[139.657689091559632,35.716595430760528],[139.657751841396362,35.716491524880325],[139.657767467024399,35.71645640084072],[139.65778598605695,35.71641477588485],[139.657854199537866,35.716350587421232],[139.657947800154915,35.716263915349792],[139.658058707987806,35.716128034181558],[139.658087809531111,35.716078869356281],[139.658378396401844,35.715575209688843],[139.65807833305206,35.715480088909409],[139.657962530957036,35.715479920220936],[139.6577203427982,35.715505323631895],[139.657613838149302,35.715266204477153],[139.657641936434857,35.71525479813635],[139.657419074406477,35.714869554996305],[139.657501243224402,35.714738030389015],[139.657702589853955,35.714666778362208],[139.657699204228265,35.714610490547571],[139.657893404597843,35.714597418539014],[139.657967964787161,35.71473489557512],[139.658272224280921,35.714673331977089],[139.658282546642312,35.714553999645894],[139.658299811178182,35.714441020019031],[139.658600202267166,35.714462986307858],[139.658692238364779,35.714632922470408],[139.659008948276153,35.71454419523765],[139.659166096702194,35.714563631487998],[139.659222750825649,35.714436306702041],[139.659222865248637,35.714436037360073],[139.659414057707153,35.714061376487152],[139.659443775493173,35.714019870180934],[139.659538909320133,35.713887057393933],[139.659625374786941,35.713766394114387],[139.659669784137577,35.713704435384287],[139.659729530518206,35.713621050817395],[139.659899303586883,35.713394545875154],[139.659428727493605,35.71324042318556],[139.658765809153948,35.713104956907124],[139.658611398443725,35.713110456524738],[139.658381505592871,35.713133017293565],[139.658204871357924,35.712870901869408],[139.658015756116527,35.712700346940039],[139.65783001894863,35.712589895318629],[139.657670477507992,35.71253528756629],[139.656363897096156,35.712292978718175],[139.655606426529403,35.712077224387016],[139.655546846538414,35.712044225205823],[139.655488315375663,35.711889389788951],[139.655339933062749,35.711618339584057],[139.655282320860124,35.711604500004796],[139.655135106006185,35.711960535164295],[139.65503495060284,35.712175067241517],[139.654981847228953,35.712300244702725],[139.654971616894954,35.71232438337298],[139.654912195806702,35.712506308224292],[139.654669671924893,35.712268031597205],[139.654643439995851,35.71225502117673],[139.654613546426333,35.712245532350529],[139.654580422436908,35.712235006662958],[139.654550279746616,35.712226223218373],[139.65442640090177,35.712205109655962],[139.654378143431586,35.71219603606518],[139.654268632225296,35.7130584134215],[139.654238102791311,35.713752395227132],[139.654213869796678,35.715817797150997],[139.654213502006058,35.715943126510908],[139.654211445899392,35.716641887323668],[139.65422840834438,35.716850717555559],[139.654230809034544,35.71769326013608],[139.654267441127757,35.718357109388087],[139.654420890551108,35.718396540798111],[139.654600031268842,35.718447090105506],[139.654708450341815,35.718484030092199],[139.655620173639932,35.718589440841207],[139.6556750770485,35.718595422142592],[139.655725069486607,35.718602470601141],[139.655786135395175,35.718610746791157],[139.655835485456066,35.718616893796693],[139.656457841369047,35.718662095853482],[139.656462490187295,35.718661621352403],[139.656487170309788,35.718659134677033],[139.656530346893192,35.718650928965857],[139.656691683951863,35.718595075278358],[139.656674483541764,35.718813662736338],[139.656760588686012,35.718774359336585],[139.6568195245666,35.718735493369714],[139.656858470194692,35.718709616455349],[139.656963258081305,35.718648609835235],[139.657036523648912,35.718605339957172],[139.657084351565146,35.718577326221002],[139.657203607135045,35.71849829079067],[139.657284787126088,35.718443560702305],[139.657408909125849,35.71837085143482],[139.657737365384378,35.717821216289167],[139.657764575325018,35.717760990902498],[139.657746582531558,35.71726105318529],[139.657738836854037,35.717194221235253],[139.657736931051431,35.717122013962722],[139.657737651051519,35.717093468881473],[139.657742324693459,35.717056794772319],[139.657748113633119,35.717021095759364],[139.657761058511198,35.716973574998597],[139.657769250182923,35.716952604134313],[139.657786037986227,35.716919291730918],[139.657811059682388,35.716875014537813],[139.657879710110336,35.716753270230164],[139.657682662316432,35.716712232914858]]]]}},
{"type":"Feature","properties":{"A29_001":"13114","A29_002":"東京都","A29_003":"中野区","A29_004":8,"A29_005":"近隣商業地域","A29_006":80,"A29_007":300,"A29_008":null},"geometry":{"type":"MultiPolygon","coordinates":[[[[139.673782133755225,35.723462048586285],[139.673471022394807,35.723136340148912],[139.673387851899548,35.723192512442239],[139.673327446290443,35.723272086622792],[139.673097459244019,35.723310892386998],[139.6708220461922,35.723710734124303],[139.670305813350893,35.723730307215732],[139.667553411679762,35.723698570117541],[139.666352791392711,35.723666848662447],[139.666055769995637,35.723658080936175],[139.665586145646216,35.723645635342585],[139.665524159277965,35.723594625713723],[139.665499357083888,35.723575036132047],[139.665467659401997,35.723543912134289],[139.665394818383533,35.723491905728942],[139.665315851467028,35.723439932197358],[139.665220080157098,35.723382513475734],[139.665158703643556,35.723328688657226],[139.665124708862521,35.723300391635114],[139.665123000730858,35.723298973211662],[139.665058082404983,35.723236346112003],[139.664982153962796,35.723163033277736],[139.664945193740095,35.723127298535658],[139.664916326391875,35.723100289455907],[139.664873250458811,35.723059194760204],[139.664855254427238,35.72304269902093],[139.664821776247379,35.723010102241766],[139.664787445035699,35.722977373562152],[139.664754049027522,35.722945678239995],[139.664720373557259,35.722914430493752],[139.664659288593896,35.722856321657659],[139.664639726893284,35.722837466634338],[139.664514869654454,35.722717286304324],[139.664306904351378,35.72255259001092],[139.664039033335513,35.722401005105766],[139.663666933969438,35.722175896640287],[139.663202206800264,35.722066043801419],[139.663185200086104,35.721151567124352],[139.66278925414565,35.721100254496555],[139.662792337931791,35.721061340094721],[139.662544145671518,35.720983987719372],[139.662394276402694,35.720895583664884],[139.662373387182043,35.721091112937899],[139.662379921562632,35.721728596645548],[139.662404989178356,35.722315308993508],[139.662333765580996,35.723579424440985],[139.66165968742834,35.723586954811395],[139.661584826059936,35.723583032208921],[139.659975100108511,35.723060662297506],[139.657948427192139,35.722610010829882],[139.657742570843055,35.722553963061145],[139.655803550298344,35.722569839351401],[139.654295044337488,35.72265436187714],[139.65432968571028,35.721811125364518],[139.654270289378275,35.720038550973698],[139.654264988562517,35.719553356418025],[139.654262342770267,35.719238817041429],[139.654264750872642,35.718816063439881],[139.654584788073805,35.718900009517668],[139.654664181164947,35.718913003578592],[139.654739875277841,35.718919052196973],[139.654844879836133,35.718930044905719],[139.654885606731995,35.718933085147988],[139.654950488794952,35.718939646715462],[139.655128547320231,35.71895555790595],[139.655227950610822,35.718965918251335],[139.655342369434351,35.718995076206511],[139.655533699835843,35.718962447886781],[139.655756578905851,35.71894560593276],[139.656004485608094,35.718950999572137],[139.656255943675063,35.718970448760622],[139.656450861639456,35.718998460246439],[139.656498479215259,35.71900294773279],[139.656654553923175,35.719025021079304],[139.656674483541764,35.718813662736338],[139.656691683951863,35.718595075278358],[139.656530346893192,35.718650928965857],[139.656487170309788,35.718659134677033],[139.656462490187295,35.718661621352403],[139.656457841369047,35.718662095853482],[139.655835485456066,35.718616893796693],[139.655786135395175,35.718610746791157],[139.655725069486607,35.718602470601141],[139.6556750770485,35.718595422142592],[139.655620173639932,35.718589440841207],[139.654708450341815,35.718484030092199],[139.654600031268842,35.718447090105506],[139.654420890551108,35.718396540798111],[139.654267441127757,35.718357109388087],[139.654230809034544,35.71769326013608],[139.65422840834438,35.716850717555559],[139.654211445899392,35.716641887323668],[139.654213502006058,35.715943126510908],[139.654213869796678,35.715817797150997],[139.654238102791311,35.713752395227132],[139.654268632225296,35.7130584134215],[139.654378143431586,35.71219603606518],[139.654407399482636,35.711965648835736],[139.654435011233403,35.71170142223874],[139.654544739742221,35.711624409308733],[139.654565793080792,35.711609823152877],[139.654805501746324,35.711443741993754],[139.654835048300981,35.711423241014778],[139.655697412290436,35.710871449848135],[139.656090478272489,35.710843410912389],[139.656184442912547,35.710666114998318],[139.656294572497131,35.710184472571157],[139.654506154119304,35.710110733968342],[139.654372578526278,35.710216423618341],[139.653986404674242,35.710301704079086],[139.653766423708106,35.710057482329276],[139.653719625000775,35.710009986441442],[139.653652711326231,35.709942090629632],[139.653645161316973,35.709934427696801],[139.653566306971186,35.709854396099125],[139.653465234432957,35.70975181273775],[139.65347959508901,35.709599677007397],[139.653725501352937,35.70947364614203],[139.653734156567083,35.709390039573051],[139.651820290784514,35.709198967498516],[139.651831449706435,35.709074424692425],[139.651384783883998,35.709030053672535],[139.65135720130445,35.709162018205006],[139.651008268175588,35.709150140424292],[139.650984277990659,35.709456077963814],[139.648709119020225,35.710059320167176],[139.646134068034485,35.710845211088333],[139.644095208116539,35.711404851551272],[139.642725818361754,35.711776637948716],[139.642585145128493,35.711908059793913],[139.64211812542186,35.712306712540503],[139.64284281053898,35.712122635587683],[139.646350998170249,35.711127414518678],[139.648440300925017,35.710493882351727],[139.649389611121279,35.710251700785726],[139.649437953004451,35.711144738611367],[139.64943823987872,35.711150373192346],[139.649438474856652,35.711155655566195],[139.649438675918589,35.711160938869966],[139.649438843058959,35.71116622295991],[139.649438976273387,35.711171507695475],[139.649439075558007,35.711176792923176],[139.649439140910061,35.711182078500492],[139.649439172327789,35.711187364290282],[139.649439169810449,35.711192650136034],[139.649439133357959,35.711197935899861],[139.649439062971368,35.711203221436058],[139.649438958652553,35.711208506603157],[139.649438820404555,35.711213791244404],[139.649438648230785,35.711219075227099],[139.649438442136386,35.711224358400891],[139.649438202126873,35.711229640618633],[139.6494379282083,35.711234921747717],[139.649437620389079,35.71124020162619],[139.649437278676771,35.711245480124553],[139.649436903081664,35.711250757083576],[139.649436493612939,35.711256032373718],[139.649436050282759,35.711261305838448],[139.649435573103062,35.711266577336048],[139.649435062086525,35.71127184672639],[139.649434517247585,35.711277113859758],[139.649433938600282,35.711282378601467],[139.649433326162381,35.711287640789443],[139.649432679948404,35.711292900297536],[139.649431999977907,35.711298156968361],[139.649431286268026,35.711303410668663],[139.649430538839312,35.711308661246996],[139.649429757712824,35.711313908555681],[139.649428942907775,35.711319152465798],[139.649428094448353,35.711324392820323],[139.649427212357324,35.711329629480346],[139.64942629665984,35.711334862295843],[139.649425347378127,35.711340091139171],[139.649424364541034,35.71134531585232],[139.649423348174622,35.711350536295534],[139.649422298307371,35.711355752323655],[139.649421214965855,35.711360963804445],[139.649420098181395,35.711366170586686],[139.649418947985936,35.711371372521903],[139.649417764409009,35.711376569475831],[139.649416547482588,35.711381761308914],[139.649415297241489,35.711386947871823],[139.649414013720133,35.711392129022364],[139.649412696952822,35.711397304621698],[139.64941134697591,35.711402474526821],[139.649409963825519,35.711407638599816],[139.649408547541896,35.711412796689871],[139.649407098161078,35.711417948665776],[139.649405615725271,35.711423094377949],[139.649404100273841,35.711428233689382],[139.649402551848027,35.711433366460213],[139.649400970490632,35.711438492548645],[139.649399356246391,35.71144361180977],[139.649397709155409,35.711448724115726],[139.649396029268132,35.711453829310848],[139.649394316627735,35.711458927263095],[139.649392571282107,35.711464017830437],[139.649390793276552,35.711469100880485],[139.649388982663993,35.711474176261838],[139.649387139490699,35.711479243845332],[139.649385263807915,35.711484303489073],[139.649383355668732,35.711489355050745],[139.649381415124338,35.711494398394429],[139.649379442227115,35.711499433383743],[139.649377437031887,35.71150445987918],[139.649375399594277,35.711509477741309],[139.649373329968256,35.711514486836904],[139.649371228212487,35.711519487023928],[139.649369094384866,35.711524478165032],[139.649366928541866,35.7115294601277],[139.649364730743741,35.711534432773782],[139.649362501051343,35.711539395964884],[139.649360239525464,35.711544349566189],[139.64935794622707,35.711549293444207],[139.649355621220025,35.711554227460724],[139.649353264570607,35.711559151475683],[139.649350876336712,35.711564065367803],[139.649348456589735,35.711568968990264],[139.649346005394278,35.711573862211793],[139.649343500469911,35.711578788851625],[139.649341203576967,35.711583244707001],[139.649233378362425,35.711791098114404],[139.648918922827249,35.712446472477794],[139.648466219483964,35.713222767913393],[139.648131908682103,35.713914320269268],[139.648118334830741,35.713940484811403],[139.648098606999582,35.713978235731545],[139.648078809245277,35.714015577104533],[139.648058772002173,35.714052833423324],[139.648038495820003,35.714090003664914],[139.648017981258619,35.714127086802534],[139.648014513914745,35.714133267997624],[139.64800711730021,35.714146453856145],[139.647997228871304,35.714164081835413],[139.647976239232349,35.714200987739467],[139.64795501291934,35.714237803498079],[139.647933550506423,35.714274528115169],[139.647911852589317,35.714311160570745],[139.647889919760047,35.714347699864923],[139.647867752614445,35.714384145004324],[139.647845351770826,35.71442049497179],[139.647822564965679,35.714456993641747],[139.647817578265546,35.714464918169412],[139.647002634135788,35.715740599997773],[139.647166217611243,35.715817168887114],[139.647326971306143,35.715853190447675],[139.647867807904561,35.715923186258259],[139.64838641417694,35.715110029308875],[139.648968565884587,35.714126687832774],[139.649431300271061,35.713237666299662],[139.650259817978252,35.71166587045002],[139.650323468771944,35.711462696965924],[139.650227101900384,35.709988721364233],[139.651006806248716,35.709799592488707],[139.653660655750116,35.710042221442635],[139.653483703844643,35.711699480756707],[139.653312541884731,35.713000170500166],[139.653153516764235,35.714130540193629],[139.65314059233566,35.714240373506058],[139.653143171665647,35.714928111325534],[139.653258231949224,35.715084364776281],[139.653233844016199,35.718081915157356],[139.653291905084217,35.717968464942636],[139.653638552346905,35.718094635247844],[139.653757870676543,35.71809338242938],[139.653751200803271,35.718520792248754],[139.653610584579042,35.718549236633599],[139.653466098004913,35.718577942061025],[139.653369972909218,35.718599042680175],[139.65328828540018,35.718617562572028],[139.653242505079277,35.718627941818852],[139.653079391990815,35.718663937989142],[139.652972317799481,35.718690816313988],[139.652957984159599,35.718507096522302],[139.653106709747249,35.718277647531188],[139.653002985010062,35.718236949430676],[139.652437340928742,35.718135936152265],[139.652293832184625,35.71864080541814],[139.651907850247511,35.718857753418952],[139.651761358642318,35.718832615930751],[139.651636975917683,35.71880802573763],[139.651500955387888,35.718804408000544],[139.650923485855373,35.718777374064757],[139.647680984941672,35.718355541146956],[139.646936507922504,35.71827619857509],[139.646545991220506,35.718197369498846],[139.64594043551358,35.719033992849127],[139.645641010373623,35.719018263093375],[139.645560288818132,35.719519912805929],[139.645032197125772,35.720238362923965],[139.64445180079997,35.721305872689641],[139.644228101945032,35.721913383512131],[139.644085463824609,35.722292034677174],[139.644026996174631,35.722541959186955],[139.643996681012197,35.722638003823796],[139.643971389667769,35.722717145016134],[139.643943576395003,35.722805431951251],[139.643941421223218,35.722810943088362],[139.643933848939014,35.722835105680758],[139.643906059156762,35.722923239410903],[139.643902525026476,35.72293227450217],[139.643885105124241,35.722987354505541],[139.643868265562361,35.723041006761754],[139.643841587843667,35.723111247504683],[139.643814463993607,35.723182221246354],[139.643795779857925,35.723229633170028],[139.643783652536825,35.723262126170255],[139.64357301760117,35.723882968140082],[139.643549404956019,35.72496041202993],[139.641320908713936,35.725632648891327],[139.641200123175395,35.725692077661449],[139.638910666982383,35.726061035154835],[139.638676847745927,35.725565632280308],[139.638629633932993,35.725437369543094],[139.638536265368543,35.723922105361268],[139.63920751567025,35.723841239671216],[139.639960519703862,35.723572962502075],[139.639468598532886,35.722608686210897],[139.638477727387368,35.722620219897586],[139.638409104319152,35.722277284619537],[139.63823084837577,35.721919266192195],[139.638063204519256,35.721707337616557],[139.63738785098883,35.721321680556287],[139.637237766913756,35.721105978528165],[139.637070478723672,35.720777619063995],[139.636765691270341,35.719537850651825],[139.636580814472467,35.718932269850228],[139.636330432643916,35.718952847049792],[139.636071458852399,35.718907030078341],[139.6360897863905,35.719041742214678],[139.636233309278225,35.719591354804699],[139.6364650353554,35.720497982602389],[139.636627440149681,35.721053921526043],[139.636812845727519,35.721374829659638],[139.636927504284188,35.721526614696018],[139.63706954747704,35.721669605382985],[139.637508788068857,35.721918346775539],[139.637653639347519,35.722002529602491],[139.637849314894311,35.722351991665391],[139.637864774257963,35.722727871271438],[139.638044039690584,35.725488402674507],[139.638113684527724,35.725712692739016],[139.638322499245675,35.726136170465516],[139.638363247202363,35.726217321805734],[139.63829872974739,35.726288763117793],[139.638240032216856,35.726472202975778],[139.638453630432451,35.726555849034426],[139.638508995077558,35.726567436998671],[139.63852148477099,35.726600448988584],[139.638694980589264,35.727059019519238],[139.638992611210199,35.728010048603785],[139.639267987075073,35.727965334852932],[139.639503194831207,35.727676691592166],[139.639269840264546,35.726936531377063],[139.639097634613023,35.726505776796252],[139.639664178698979,35.72641774374555],[139.63964153443635,35.726190605821728],[139.641271230242552,35.72592372852062],[139.643773615846072,35.725152019897294],[139.643814081892174,35.725354319994537],[139.644065083895669,35.725352329901753],[139.645804322659671,35.724804161548313],[139.64588614999451,35.724780776953686],[139.645967359808367,35.724759101223732],[139.646049103576615,35.724738804449835],[139.646131347017814,35.724719894689876],[139.646214053637266,35.724702380899785],[139.646298081600776,35.724686096758312],[139.647207744763591,35.724519525883849],[139.647270914001155,35.724507958992184],[139.64743621526992,35.724581251266763],[139.647602391609098,35.724556705285146],[139.647696134372211,35.724427113375114],[139.647827348074117,35.724403317666784],[139.649404221507808,35.72409952432605],[139.652148360225738,35.723429928711127],[139.652624092964288,35.723302710465063],[139.652867525921096,35.723237621279573],[139.653290946667823,35.723195484981829],[139.653352738278272,35.723935575813364],[139.653362187897073,35.724848754175177],[139.653358474970048,35.725459273597416],[139.653421516662974,35.726245461410315],[139.653750560125474,35.72623879832377],[139.653908151568885,35.72630132048905],[139.654082810315288,35.726372022376609],[139.654423011701851,35.726341156653895],[139.654362615048058,35.72542003470997],[139.654386826009727,35.724989208463725],[139.654351266420946,35.723126764100996],[139.655886028385197,35.723036746726905],[139.656443524091202,35.723034397482145],[139.65683075864365,35.723036373415795],[139.657639123342562,35.723032207902648],[139.659796377701525,35.723533059298674],[139.661477745902346,35.724073363125122],[139.662458819901474,35.724065235925302],[139.662204080907088,35.727111210966193],[139.662305140115734,35.727178029696248],[139.662509067790864,35.727344169392474],[139.662621619422794,35.727443126782951],[139.662662730501353,35.727361080505609],[139.662712684860168,35.727251447661601],[139.66273451314126,35.72706197545061],[139.662749430293019,35.726981438370558],[139.662753273673701,35.726960670154476],[139.662766439973751,35.726835783646166],[139.662766881153431,35.726831559593364],[139.662767044784772,35.726830503430364],[139.662778005837282,35.726726933679892],[139.662778324980934,35.726723958740109],[139.66277848288226,35.726722477126756],[139.662781817024069,35.726691113594065],[139.662784428127594,35.726667089718994],[139.662796087332595,35.726498595038144],[139.66280745982516,35.726434473914821],[139.662809660201191,35.726403962363406],[139.662815228019184,35.72632377167298],[139.662821934359897,35.726225357979594],[139.66282796827781,35.72614429182341],[139.662834377437576,35.72604942996864],[139.662836919221093,35.725946028553693],[139.662849027990433,35.725766119650388],[139.662862138439181,35.725575147953549],[139.662864101130367,35.725514918192346],[139.662867061112479,35.7254827248696],[139.662872873251104,35.725417576420696],[139.662881419006368,35.725251305454805],[139.66288255380843,35.725230658684808],[139.662891177749003,35.725108817707252],[139.662894980116107,35.72504477418196],[139.662899925149134,35.72495480463877],[139.662906971726301,35.724835535746735],[139.66291159428954,35.724768872241498],[139.662917178827911,35.724689032202562],[139.662922546798455,35.72459506843461],[139.662932856474356,35.724433521317145],[139.662938405592513,35.724328653137988],[139.662942998673799,35.724249797778008],[139.662945649545492,35.724198607840407],[139.662951635005896,35.724095941396747],[139.662952291665022,35.724087044091682],[139.663129234038422,35.724087616936693],[139.66364434399577,35.724089283827844],[139.66406548761384,35.72410133538424],[139.664864510431897,35.724122518062373],[139.666038941945914,35.724153643848389],[139.666171999363257,35.72432679432552],[139.666202063541419,35.724372438595978],[139.666215662405676,35.724388670242348],[139.666288087630278,35.724478115398277],[139.666369164985412,35.724579189242107],[139.666439778935171,35.724665924106361],[139.666469990086085,35.724704268390305],[139.6665922419092,35.724855621137685],[139.666739009582557,35.725038374127948],[139.666812773079755,35.725129632557874],[139.666819365599139,35.725137108545411],[139.666915318702394,35.725254602848985],[139.666986511124861,35.725350834029868],[139.667074694749346,35.72545238141192],[139.667097674633226,35.725481298138391],[139.66716777264179,35.725568142728726],[139.667175757499109,35.725577478321483],[139.667184852813989,35.725588643405224],[139.667228000100863,35.725641384749814],[139.667287744590254,35.725714637791782],[139.667317384961621,35.725750890818276],[139.667362547783796,35.725806737374938],[139.667465386084217,35.72593320654795],[139.66750541784333,35.725983161900196],[139.667537179928672,35.726030606490006],[139.665355860409164,35.726925335879685],[139.664740503423104,35.727131262798416],[139.664374663868188,35.727248800393575],[139.664409383667703,35.72735090556796],[139.664420343586471,35.727395760021508],[139.66443481698056,35.727454963589132],[139.665194105227329,35.727221520607436],[139.665998769930468,35.726908198080061],[139.66606735178479,35.727119433297027],[139.667415049088788,35.72656419506152],[139.668505263985736,35.726621022151143],[139.668287383590268,35.726190494174347],[139.668459534141078,35.726103921137806],[139.668821050727644,35.72609201462776],[139.669057461228164,35.726045594273543],[139.669271438496139,35.726099307136892],[139.669473779819782,35.726122477523568],[139.669387665520219,35.725899613981468],[139.669923403651921,35.725958435418015],[139.669842496694599,35.725735677200753],[139.66941793400855,35.725686448412119],[139.669081194142507,35.725597272322794],[139.668984677201962,35.725598571461383],[139.668782748660931,35.725659824988753],[139.668314187189736,35.725673492532131],[139.668032586440859,35.725801250666784],[139.667860743791351,35.725587875652174],[139.66781206979465,35.725527304029143],[139.667746337636743,35.725446791566355],[139.667689482667356,35.725376635291795],[139.667647302567758,35.725324901359599],[139.667558315021466,35.725216245157227],[139.667529544372144,35.72517906858765],[139.667332554204307,35.72494518255106],[139.66729318324289,35.724899391432828],[139.667290265822885,35.724895796389504],[139.667245409088991,35.724840280121697],[139.667190164096525,35.724771897905107],[139.667184155915265,35.724764618339549],[139.667108102940801,35.724672370892371],[139.667091155701399,35.724651837938232],[139.667019195867169,35.724569349709284],[139.666977612453053,35.724518678167492],[139.66696909595521,35.724508315176593],[139.666941357882479,35.724474529009107],[139.666895699904416,35.72441596580331],[139.666894849958311,35.724414855053602],[139.666885461490011,35.724402817925927],[139.66684162271946,35.724346545768384],[139.666834182585006,35.724337399290022],[139.666712313714783,35.724153474374454],[139.670009401648571,35.724237850384448],[139.670639744403104,35.72422323959249],[139.671036371774591,35.724199449554597],[139.672310630986829,35.723966633815834],[139.673602597622136,35.723737977734956],[139.673846358061439,35.723814139735616],[139.674056949361159,35.723804402222036],[139.674136050258454,35.723735822792726],[139.675037855211229,35.723808558363139],[139.675099260539298,35.723814362796404],[139.675337357698197,35.723921041326015],[139.675398932873577,35.723596136089697],[139.674275623764288,35.72349362172185],[139.673782133755225,35.723462048586285]],[[139.649283075466059,35.72359757945086],[139.647691665786567,35.723907631575386],[139.647546782734594,35.723831092351055],[139.64736025708612,35.723843478792382],[139.64723713559863,35.723983793228207],[139.646162033544528,35.724202914634944],[139.646067492542642,35.724221232931171],[139.645972544975194,35.72424133701751],[139.645878129725418,35.724263043575597],[139.645784286602293,35.724286343655052],[139.645691056522537,35.724311227405956],[139.645599667266026,35.724337344311706],[139.644031526381781,35.724798990137501],[139.644031556002801,35.724728284746625],[139.644032180956174,35.724649337347039],[139.644029645972239,35.724592283537824],[139.644027391228462,35.724425269566083],[139.644025083646937,35.724186428770068],[139.644022958761241,35.723988252243771],[139.644069775003771,35.723863276439829],[139.644176601581592,35.723578214053092],[139.644197023376364,35.723523689459199],[139.644260788936521,35.723353535137534],[139.644284078210546,35.723291374192286],[139.644301589974191,35.723244608431081],[139.644307194957406,35.723229706015339],[139.644326421880407,35.723178383858667],[139.644340000204551,35.723142174966235],[139.644360161548036,35.723088318741425],[139.644409934321089,35.722955498373054],[139.644422731890756,35.722921295575787],[139.644424273431241,35.722917249080545],[139.644442022776502,35.72286997259679],[139.644480814217417,35.722747110445496],[139.644735270496284,35.722739162479591],[139.644960573775506,35.722691818092024],[139.645067249680579,35.722690301806168],[139.645326347761937,35.722687769957233],[139.645343871915088,35.722573534479629],[139.645352939888312,35.722511808106731],[139.64539028857314,35.72235562091317],[139.645432989398216,35.72222973406766],[139.644540444928396,35.722465631089932],[139.644899979972678,35.72144326577903],[139.645442776837029,35.720444379275037],[139.646776340925811,35.718649521187537],[139.650292156485079,35.719098796177946],[139.650346862689133,35.719353893429279],[139.65046993028912,35.719747639969988],[139.649504098950331,35.720587548875791],[139.649215821978004,35.720990681940066],[139.649590422944669,35.720875588541041],[139.650899451991791,35.720444626761434],[139.651665926277076,35.720187486188159],[139.65192658220505,35.720099948502565],[139.652292583863584,35.719972253834683],[139.652251692183285,35.719693648241048],[139.65229163439821,35.718935816890223],[139.652799464085405,35.718749707874913],[139.652741671644804,35.719430157015701],[139.65274514849213,35.719896386451921],[139.652754744094324,35.720117017836422],[139.652685478321871,35.720432924483156],[139.653264202478539,35.720396277815453],[139.653299174493981,35.722703686650924],[139.652969215491993,35.722733718823868],[139.652890222441357,35.722487482420931],[139.652641362854524,35.721830794345038],[139.652595158858048,35.721443183237248],[139.652654095496047,35.720655846268521],[139.652417126066126,35.720693648093693],[139.652426115162882,35.720598267009755],[139.652197978622468,35.720609848167427],[139.652166011432087,35.720912383753351],[139.652118150285048,35.721384514906731],[139.652143370022429,35.721870767137531],[139.652407991666138,35.722539225387919],[139.652477582643911,35.722804049913286],[139.651178334059267,35.723160654579793],[139.649283075466059,35.72359757945086]],[[139.663155759599221,35.723591951301799],[139.663215222638712,35.722449339775686],[139.663456924870985,35.722545708537474],[139.663922533925017,35.722832174139306],[139.663975755021113,35.722866058128865],[139.664087577086178,35.722950642176677],[139.664141911816643,35.72299431914206],[139.664188639465124,35.723038028666522],[139.664190236794525,35.72303956322321],[139.664216500433497,35.723060420637466],[139.664231910516691,35.723076049337678],[139.664274764351063,35.723116428269421],[139.664312359794138,35.723151663852377],[139.664356812441355,35.723193964897014],[139.664405699152951,35.723239224100745],[139.664442052317639,35.723274444380316],[139.664475073366901,35.723305734550728],[139.664502843567334,35.723331954407819],[139.664522649286596,35.723350451953806],[139.66456493285088,35.723390924625072],[139.664630230454122,35.723450727654196],[139.664682024795951,35.723499574628264],[139.66472933633014,35.723545026187992],[139.664772689763623,35.723586184416199],[139.664814032713508,35.723625170240084],[139.664086021825568,35.723605869932214],[139.663656209748581,35.72359357008866],[139.663155759599221,35.723591951301799]]]]}},
{"type":"Feature","properties":{"A29_001":"13114","A29_002":"東京都","A29_003":"中野区","A29_004":3,"A29_005":"第一種中高層住居専用地域","A29_006":60,"A29_007":200,"A29_008":null},"geometry":{"type":"MultiPolygon","coordinates":[[[[139.656294572497131,35.710184472571157],[139.656184442912547,35.710666114998318],[139.656090478272489,35.710843410912389],[139.655697412290436,35.710871449848135],[139.654835048300981,35.711423241014778],[139.654805501746324,35.711443741993754],[139.654565793080792,35.711609823152877],[139.654544739742221,35.711624409308733],[139.654435011233403,35.71170142223874],[139.654407399482636,35.711965648835736],[139.654378143431586,35.71219603606518],[139.65442640090177,35.712205109655962],[139.654550279746616,35.712226223218373],[139.654580422436908,35.712235006662958],[139.654613546426333,35.712245532350529],[139.654643439995851,35.71225502117673],[139.654669671924893,35.712268031597205],[139.654912195806702,35.712506308224292],[139.654971616894954,35.71232438337298],[139.654981847228953,35.712300244702725],[139.65503495060284,35.712175067241517],[139.655135106006185,35.711960535164295],[139.655282320860124,35.711604500004796],[139.655339933062749,35.711618339584057],[139.655488315375663,35.711889389788951],[139.655546846538414,35.712044225205823],[139.655606426529403,35.712077224387016],[139.656363897096156,35.712292978718175],[139.657670477507992,35.71253528756629],[139.65783001894863,35.712589895318629],[139.658015756116527,35.712700346940039],[139.658204871357924,35.712870901869408],[139.658381505592871,35.713133017293565],[139.658611398443725,35.713110456524738],[139.658765809153948,35.713104956907124],[139.659428727493605,35.71324042318556],[139.659899303586883,35.713394545875154],[139.659932168622277,35.713291231814871],[139.660014240134899,35.712661744804812],[139.660149936058787,35.712192237306759],[139.660155237162712,35.711589111633657],[139.660267566195927,35.710281089033217],[139.656294572497131,35.710184472571157]]]]}},
{"type":"Feature","properties":{"A29_001":"13114","A29_002":"東京都","A29_003":"中野区","A29_004":5,"A29_005":"第一種住居地域","A29_006":60,"A29_007":300,"A29_008":null},"geometry":{"type":"MultiPolygon","coordinates":[[[[139.658298104347551,35.716606158382305],[139.658133602368395,35.716435068004962],[139.658018238860848,35.716541955831914],[139.657879710110336,35.716753270230164],[139.657811059682388,35.716875014537813],[139.657786037986227,35.716919291730918],[139.657769250182923,35.716952604134313],[139.657761058511198,35.716973574998597],[139.657748113633119,35.717021095759364],[139.657742324693459,35.717056794772319],[139.657737651051519,35.717093468881473],[139.657736931051431,35.717122013962722],[139.657738836854037,35.717194221235253],[139.657746582531558,35.71726105318529],[139.657764575325018,35.717760990902498],[139.657737365384378,35.717821216289167],[139.657408909125849,35.71837085143482],[139.657284787126088,35.718443560702305],[139.657203607135045,35.71849829079067],[139.657084351565146,35.718577326221002],[139.657036523648912,35.718605339957172],[139.656963258081305,35.718648609835235],[139.656858470194692,35.718709616455349],[139.6568195245666,35.718735493369714],[139.656760588686012,35.718774359336585],[139.656674483541764,35.718813662736338],[139.656654553923175,35.719025021079304],[139.65678438927003,35.719036411495267],[139.656995781172753,35.718896076275186],[139.657594936262029,35.718507680658981],[139.658019491780976,35.717839086566599],[139.658006913185091,35.71703978025549],[139.658198513835799,35.716680540582175],[139.658298104347551,35.716606158382305]]]]}},
{"type":"Feature","properties":{"A29_001":"13114","A29_002":"東京都","A29_003":"中野区","A29_004":8,"A29_005":"近隣商業地域","A29_006":80,"A29_007":300,"A29_008":null},"geometry":{"type":"MultiPolygon","coordinates":[[[[139.658298104347551,35.716606158382305],[139.658410283289726,35.716502546507279],[139.658479181207383,35.716391350340196],[139.658854617849641,35.715777422316897],[139.658617983290895,35.715669759997198],[139.658378396401844,35.715575209688843],[139.658087809531111,35.716078869356281],[139.658058707987806,35.716128034181558],[139.657947800154915,35.716263915349792],[139.657854199537866,35.716350587421232],[139.65778598605695,35.71641477588485],[139.657767467024399,35.71645640084072],[139.657751841396362,35.716491524880325],[139.657689091559632,35.716595430760528],[139.657654661612725,35.716652441281852],[139.657591887331449,35.716766952326452],[139.657682662316432,35.716712232914858],[139.657879710110336,35.716753270230164],[139.658018238860848,35.716541955831914],[139.658133602368395,35.716435068004962],[139.658298104347551,35.716606158382305]]]]}},
{"type":"Feature","properties":{"A29_001":"13114","A29_002":"東京都","A29_003":"中野区","A29_004":10,"A29_005":"準工業地域","A29_006":60,"A29_007":200,"A29_008":null},"geometry":{"type":"MultiPolygon","coordinates":[[[[139.659166096702194,35.714563631487998],[139.659008948276153,35.71454419523765],[139.658692238364779,35.714632922470408],[139.658600202267166,35.714462986307858],[139.658299811178182,35.714441020019031],[139.658282546642312,35.714553999645894],[139.658272224280921,35.714673331977089],[139.657967964787161,35.71473489557512],[139.657893404597843,35.714597418539014],[139.657699204228265,35.714610490547571],[139.657702589853955,35.714666778362208],[139.657501243224402,35.714738030389015],[139.657419074406477,35.714869554996305],[139.657641936434857,35.71525479813635],[139.657613838149302,35.715266204477153],[139.6577203427982,35.715505323631895],[139.657962530957036,35.715479920220936],[139.65807833305206,35.715480088909409],[139.658378396401844,35.715575209688843],[139.658617983290895,35.715669759997198],[139.658885619023437,35.715178135980132],[139.658902625268212,35.71514156980129],[139.659029342109022,35.714869366915593],[139.659157185959231,35.71458365859592],[139.659166096702194,35.714563631487998]]]]}},
{"type":"Feature","properties":{"A29_001":"13114","A29_002":"東京都","A29_003":"中野区","A29_004":1,"A29_005":"第一種低層住居専用地域","A29_006":60,"A29_007":150,"A29_008":null},"geometry":{"type":"MultiPolygon","coordinates":[[[[139.654423011701851,35.726341156653895],[139.655087463374883,35.726320647805863],[139.655607926323171,35.726303029037176],[139.6561393360887,35.726275164187591],[139.657334240162072,35.725947272645158],[139.657917904007633,35.725771790819962],[139.659374751382387,35.7257461912819],[139.659693054176898,35.725740588563411],[139.659685235594878,35.725966557802998],[139.659678241458408,35.726168698123445],[139.65966913195561,35.726431973851192],[139.659658272389549,35.726745826120087],[139.660215656003857,35.726729051869498],[139.660676422097225,35.726714390002805],[139.661026983509629,35.726722289131622],[139.661341232396779,35.726809623321472],[139.661727127247843,35.72691500189385],[139.661904601037605,35.726968885359845],[139.662204080907088,35.727111210966193],[139.662458819901474,35.724065235925302],[139.661477745902346,35.724073363125122],[139.659796377701525,35.723533059298674],[139.657639123342562,35.723032207902648],[139.65683075864365,35.723036373415795],[139.656443524091202,35.723034397482145],[139.655886028385197,35.723036746726905],[139.654351266420946,35.723126764100996],[139.654386826009727,35.724989208463725],[139.654362615048058,35.72542003470997],[139.654423011701851,35.726341156653895]]]]}},
{"type":"Feature","properties":{"A29_001":"13114","A29_002":"東京都","A29_003":"中野区","A29_004":1,"A29_005":"第一種低層住居専用地域","A29_006":60,"A29_007":150,"A29_008":null},"geometry":{"type":"MultiPolygon","coordinates":[[[[139.662394276402694,35.720895583664884],[139.662821274494689,35.71974432722579],[139.662910726301561,35.719486888431177],[139.662988536648839,35.719202722582182],[139.662979556140897,35.719025275841652],[139.662956558766837,35.718838269787611],[139.663045457038976,35.718840303504194],[139.663041045895852,35.718714376331711],[139.662695079990783,35.718580333777268],[139.661283039778993,35.717585891048365],[139.660732197814156,35.717138635394662],[139.660603713474757,35.717051641907794],[139.660412061395022,35.7169655114837],[139.660191160070013,35.716882200516956],[139.660097682139337,35.716835322607203],[139.659774314217032,35.716535317426803],[139.659623687715282,35.716411087029854],[139.659532361266599,35.716316514445211],[139.659375289500019,35.716063491607073],[139.659307162425023,35.716001296144142],[139.658854617849641,35.715777422316897],[139.658479181207383,35.716391350340196],[139.658410283289726,35.716502546507279],[139.658298104347551,35.716606158382305],[139.658198513835799,35.716680540582175],[139.658006913185091,35.71703978025549],[139.658019491780976,35.717839086566599],[139.657594936262029,35.718507680658981],[139.656995781172753,35.718896076275186],[139.65678438927003,35.719036411495267],[139.656654553923175,35.719025021079304],[139.656498479215259,35.71900294773279],[139.656450861639456,35.718998460246439],[139.656255943675063,35.718970448760622],[139.656004485608094,35.718950999572137],[139.655756578905851,35.71894560593276],[139.655533699835843,35.718962447886781],[139.655342369434351,35.718995076206511],[139.65488240442366,35.719104575829057],[139.654436494622161,35.719205509068125],[139.654262342770267,35.719238817041429],[139.654264988562517,35.719553356418025],[139.654270289378275,35.720038550973698],[139.65432968571028,35.721811125364518],[139.654295044337488,35.72265436187714],[139.655803550298344,35.722569839351401],[139.657742570843055,35.722553963061145],[139.657948427192139,35.722610010829882],[139.659975100108511,35.723060662297506],[139.661584826059936,35.723583032208921],[139.66165968742834,35.723586954811395],[139.662333765580996,35.723579424440985],[139.662404989178356,35.722315308993508],[139.662379921562632,35.721728596645548],[139.662373387182043,35.721091112937899],[139.662394276402694,35.720895583664884]]]]}},
{"type":"Feature","properties":{"A29_001":"13114","A29_002":"東京都","A29_003":"中野区","A29_004":5,"A29_005":"第一種住居地域","A29_006":60,"A29_007":300,"A29_008":null},"geometry":{"type":"MultiPolygon","coordinates":[[[[139.660511746301296,35.710288677979825],[139.660267566195927,35.710281089033217],[139.660155237162712,35.711589111633657],[139.660149936058787,35.712192237306759],[139.660014240134899,35.712661744804812],[139.659932168622277,35.713291231814871],[139.659899303586883,35.713394545875154],[139.659729530518206,35.713621050817395],[139.659669784137577,35.713704435384287],[139.659625374786941,35.713766394114387],[139.659538909320133,35.713887057393933],[139.659443775493173,35.714019870180934],[139.659414057707153,35.714061376487152],[139.659222865248637,35.714436037360073],[139.659222750825649,35.714436306702041],[139.659166096702194,35.714563631487998],[139.659157185959231,35.71458365859592],[139.659029342109022,35.714869366915593],[139.658902625268212,35.71514156980129],[139.658885619023437,35.715178135980132],[139.658617983290895,35.715669759997198],[139.658854617849641,35.715777422316897],[139.659016096122514,35.715483125216082],[139.659120357600074,35.715276985164174],[139.659518501782543,35.714401122022871],[139.659801634994125,35.713948787295088],[139.660054392148766,35.713604442655708],[139.66017244337678,35.713401755684202],[139.660196026953685,35.71331402646571],[139.660276889618672,35.712701708589677],[139.660408923843704,35.712224924667424],[139.660426060758681,35.711543493913531],[139.660511746301296,35.710288677979825]]]]}},
{"type":"Feature","properties":{"A29_001":"13114","A29_002":"東京都","A29_003":"中野区","A29_004":5,"A29_005":"第一種住居地域","A29_006":60,"A29_007":200,"A29_008":null},"geometry":{"type":"MultiPolygon","coordinates":[[[[139.663195498836274,35.7146114411292],[139.663147061053564,35.714063389627675],[139.663140344056359,35.713921718969196],[139.662892999123756,35.713899905125245],[139.662607014718958,35.713896637937545],[139.662308699625896,35.713916247281475],[139.661691058302949,35.714117781354709],[139.661631473544304,35.713902404724664],[139.660925832941359,35.714047349860451],[139.660939533408225,35.71420333984485],[139.660516566508107,35.714258539142342],[139.660582033079862,35.714545964999324],[139.660322609990089,35.714615990635593],[139.660385205997727,35.714743671022525],[139.660554790424328,35.714754646505959],[139.663195498836274,35.7146114411292]]]]}},
{"type":"Feature","properties":{"A29_001":"13114","A29_002":"東京都","A29_003":"中野区","A29_004":10,"A29_005":"準工業地域","A29_006":60,"A29_007":200,"A29_008":null},"geometry":{"type":"MultiPolygon","coordinates":[[[[139.663195498836274,35.7146114411292],[139.660554790424328,35.714754646505959],[139.660385205997727,35.714743671022525],[139.660449297821714,35.714855851884082],[139.660251734072489,35.714936653417148],[139.660439107436986,35.715331618304873],[139.660594031204312,35.7155758723177],[139.660692009895143,35.71570479574001],[139.660732158557352,35.71580072498876],[139.66072503839149,35.71584793514738],[139.660687994568377,35.715939460911294],[139.660608750965537,35.71607242279206],[139.660509442302413,35.716369825093892],[139.660509519891974,35.716439112918842],[139.660509517590327,35.716524451113209],[139.660565346671319,35.716671916045499],[139.660663224781985,35.716848059687521],[139.660736794870161,35.716905402022974],[139.660784086016378,35.716944104677623],[139.662279135752755,35.716889002125491],[139.663428616976404,35.71679046602214],[139.663195498836274,35.7146114411292]]]]}},
{"type":"Feature","properties":{"A29_001":"13114","A29_002":"東京都","A29_003":"中野区","A29_004":9,"A29_005":"商業地域","A29_006":80,"A29_007":400,"A29_008":null},"geometry":{"type":"MultiPolygon","coordinates":[[[[139.663507088644565,35.720585532825105],[139.663641639791251,35.720096974251028],[139.66370491438451,35.72004698127752],[139.663874133042214,35.7196837661442],[139.663765449621167,35.719633530873658],[139.663893540262933,35.719363616670336],[139.662910726301561,35.719486888431177],[139.662821274494689,35.71974432722579],[139.662394276402694,35.720895583664884],[139.662544145671518,35.720983987719372],[139.662792337931791,35.721061340094721],[139.66278925414565,35.721100254496555],[139.663185200086104,35.721151567124352],[139.663197479668895,35.720988078126936],[139.663364438010035,35.720589564569487],[139.663507088644565,35.720585532825105]]]]}},
{"type":"Feature","properties":{"A29_001":"13114","A29_002":"東京都","A29_003":"中野区","A29_004":8,"A29_005":"近隣商業地域","A29_006":80,"A29_007":300,"A29_008":null},"geometry":{"type":"MultiPolygon","coordinates":[[[[139.66508939084747,35.711565029403147],[139.664945428629125,35.711093916780939],[139.664514614523597,35.711313012154157],[139.664183136544267,35.711493744356162],[139.664040325024018,35.711546964626933],[139.663562862769737,35.711741883110442],[139.66332780455312,35.711822287092289],[139.663241478187217,35.711163941275977],[139.663228953418525,35.710348380750929],[139.662714383572421,35.710340712422102],[139.662718778210802,35.711022791274317],[139.662856643067158,35.712193957283333],[139.662892999123756,35.713899905125245],[139.663140344056359,35.713921718969196],[139.663147061053564,35.714063389627675],[139.663408397376486,35.714106686516793],[139.663372832895476,35.713399999874987],[139.663366110158108,35.712287608227612],[139.663991150794629,35.712082436641879],[139.664307271568731,35.711935973096899],[139.66508939084747,35.711565029403147]]]]}},
{"type":"Feature","properties":{"A29_001":"13114","A29_002":"東京都","A29_003":"中野区","A29_004":1,"A29_005":"第一種低層住居専用地域","A29_006":60,"A29_007":150,"A29_008":null},"geometry":{"type":"MultiPolygon","coordinates":[[[[139.663155759599221,35.723591951301799],[139.663656209748581,35.72359357008866],[139.664086021825568,35.723605869932214],[139.664814032713508,35.723625170240084],[139.664772689763623,35.723586184416199],[139.66472933633014,35.723545026187992],[139.664682024795951,35.723499574628264],[139.664630230454122,35.723450727654196],[139.66456493285088,35.723390924625072],[139.664522649286596,35.723350451953806],[139.664502843567334,35.723331954407819],[139.664475073366901,35.723305734550728],[139.664442052317639,35.723274444380316],[139.664405699152951,35.723239224100745],[139.664356812441355,35.723193964897014],[139.664312359794138,35.723151663852377],[139.664274764351063,35.723116428269421],[139.664231910516691,35.723076049337678],[139.664216500433497,35.723060420637466],[139.664190236794525,35.72303956322321],[139.664188639465124,35.723038028666522],[139.664141911816643,35.72299431914206],[139.664087577086178,35.722950642176677],[139.663975755021113,35.722866058128865],[139.663922533925017,35.722832174139306],[139.663456924870985,35.722545708537474],[139.663215222638712,35.722449339775686],[139.663155759599221,35.723591951301799]]]]}},
{"type":"Feature","properties":{"A29_001":"13114","A29_002":"東京都","A29_003":"中野区","A29_004":3,"A29_005":"第一種中高層住居専用地域","A29_006":60,"A29_007":200,"A29_008":null},"geometry":{"type":"MultiPolygon","coordinates":[[[[139.666755175263489,35.718909993282118],[139.667064288525751,35.718768759696481],[139.66892930258237,35.71771959580326],[139.668447791556616,35.7169807154201],[139.668031068225389,35.717105597696225],[139.667846177907194,35.717139685683733],[139.667701113985089,35.717147117696172],[139.665588422176057,35.717209059865461],[139.664528211772335,35.717407906238506],[139.664263816777947,35.717422798240413],[139.663448700414932,35.71734596065712],[139.663470136448694,35.71716664893669],[139.663439397568936,35.716894801684539],[139.66423091289181,35.71695785204161],[139.664460198056929,35.716950542421486],[139.66557189499332,35.716740321044774],[139.667703262583274,35.716691760104695],[139.667867080902482,35.716665274937782],[139.668158234113122,35.716583830880538],[139.667687880520191,35.716143055992937],[139.667138744811382,35.715643331630936],[139.666134786577231,35.714759233835686],[139.665996776976414,35.71475141044818],[139.665739912582723,35.714525921501995],[139.665635278686125,35.714220512650911],[139.665747877465918,35.714073761621549],[139.66508939084747,35.711565029403147],[139.664307271568731,35.711935973096899],[139.663991150794629,35.712082436641879],[139.663366110158108,35.712287608227612],[139.663372832895476,35.713399999874987],[139.663408397376486,35.714106686516793],[139.663147061053564,35.714063389627675],[139.663195498836274,35.7146114411292],[139.663428616976404,35.71679046602214],[139.662279135752755,35.716889002125491],[139.660784086016378,35.716944104677623],[139.660736794870161,35.716905402022974],[139.660663224781985,35.716848059687521],[139.660565346671319,35.716671916045499],[139.660509517590327,35.716524451113209],[139.660509442302413,35.716369825093892],[139.660573430612629,35.716178260192727],[139.660608750965537,35.71607242279206],[139.660687994568377,35.715939460911294],[139.66072503839149,35.71584793514738],[139.660732158557352,35.71580072498876],[139.660692009895143,35.71570479574001],[139.660594031204312,35.7155758723177],[139.660439107436986,35.715331618304873],[139.660251734072489,35.714936653417148],[139.660449297821714,35.714855851884082],[139.660385205997727,35.714743671022525],[139.660322609990089,35.714615990635593],[139.660582033079862,35.714545964999324],[139.660516566508107,35.714258539142342],[139.660939533408225,35.71420333984485],[139.660925832941359,35.714047349860451],[139.661631473544304,35.713902404724664],[139.661691058302949,35.714117781354709],[139.662308699625896,35.713916247281475],[139.662607014718958,35.713896637937545],[139.662892999123756,35.713899905125245],[139.662856643067158,35.712193957283333],[139.662718778210802,35.711022791274317],[139.662714383572421,35.710340712422102],[139.660511746301296,35.710288677979825],[139.660426060758681,35.711543493913531],[139.660408923843704,35.712224924667424],[139.660276889618672,35.712701708589677],[139.660196026953685,35.71331402646571],[139.66017244337678,35.713401755684202],[139.660054392148766,35.713604442655708],[139.659801634994125,35.713948787295088],[139.659518501782543,35.714401122022871],[139.659120357600074,35.715276985164174],[139.659016096122514,35.715483125216082],[139.658854617849641,35.715777422316897],[139.659307162425023,35.716001296144142],[139.659375289500019,35.716063491607073],[139.659532361266599,35.716316514445211],[139.659623687715282,35.716411087029854],[139.659774314217032,35.716535317426803],[139.660097682139337,35.716835322607203],[139.660191160070013,35.716882200516956],[139.660412061395022,35.7169655114837],[139.660603713474757,35.717051641907794],[139.660732197814156,35.717138635394662],[139.661283039778993,35.717585891048365],[139.662695079990783,35.718580333777268],[139.663041045895852,35.718714376331711],[139.663025058922614,35.718531195986657],[139.663046463759144,35.718367147478745],[139.663299237443994,35.71831789966447],[139.663373149969033,35.718766358920021],[139.664449234532327,35.718815571157833],[139.664385090131674,35.71894227608589],[139.664397069877765,35.719013620252049],[139.66440336984607,35.719051091478185],[139.664422078575939,35.719162449390915],[139.664458303017597,35.719309739060392],[139.665235831578798,35.719209232335558],[139.666210886180011,35.719075225345115],[139.666755175263489,35.718909993282118]]]]}},
{"type":"Feature","properties":{"A29_001":"13114","A29_002":"東京都","A29_003":"中野区","A29_004":5,"A29_005":"第一種住居地域","A29_006":60,"A29_007":200,"A29_008":null},"geometry":{"type":"MultiPolygon","coordinates":[[[[139.664676425505547,35.710382014347474],[139.664622635951247,35.710375261325126],[139.663228953418525,35.710348380750929],[139.663241478187217,35.711163941275977],[139.66332780455312,35.711822287092289],[139.663562862769737,35.711741883110442],[139.664040325024018,35.711546964626933],[139.664183136544267,35.711493744356162],[139.664514614523597,35.711313012154157],[139.664945428629125,35.711093916780939],[139.664676425505547,35.710382014347474]]]]}},
{"type":"Feature","properties":{"A29_001":"13114","A29_002":"東京都","A29_003":"中野区","A29_004":8,"A29_005":"近隣商業地域","A29_006":80,"A29_007":300,"A29_008":null},"geometry":{"type":"MultiPolygon","coordinates":[[[[139.666210886180011,35.719075225345115],[139.665235831578798,35.719209232335558],[139.664458303017597,35.719309739060392],[139.664422078575939,35.719162449390915],[139.66440336984607,35.719051091478185],[139.664397069877765,35.719013620252049],[139.664385090131674,35.71894227608589],[139.664449234532327,35.718815571157833],[139.663373149969033,35.718766358920021],[139.663299237443994,35.71831789966447],[139.663046463759144,35.718367147478745],[139.663025058922614,35.718531195986657],[139.663041045895852,35.718714376331711],[139.663045457038976,35.718840303504194],[139.662956558766837,35.718838269787611],[139.662979556140897,35.719025275841652],[139.662988536648839,35.719202722582182],[139.662910726301561,35.719486888431177],[139.663893540262933,35.719363616670336],[139.663765449621167,35.719633530873658],[139.663874133042214,35.7196837661442],[139.66370491438451,35.72004698127752],[139.663641639791251,35.720096974251028],[139.663507088644565,35.720585532825105],[139.664067040157477,35.720564053039446],[139.664219925340461,35.720531184272147],[139.664365984329237,35.720504659353125],[139.664484819909234,35.720442501340109],[139.664710571413309,35.720341580236379],[139.664779260674976,35.720308786586372],[139.664888785309586,35.720257289064762],[139.664908071711181,35.72024952556346],[139.664963533661506,35.720211886522762],[139.664983590561093,35.720198264335224],[139.664997801758659,35.720186594437102],[139.665211657646154,35.719910674450972],[139.665260400503769,35.719845834519454],[139.665379254792526,35.719708834685257],[139.665471244993597,35.719597885408234],[139.665508368040662,35.719563948586746],[139.665583214412521,35.719554789537547],[139.66568586862428,35.719539806315026],[139.665804402992649,35.719494897417107],[139.66608379408234,35.719304258263087],[139.666210886180011,35.719075225345115]]]]}},
{"type":"Feature","properties":{"A29_001":"13114","A29_002":"東京都","A29_003":"中野区","A29_004":1,"A29_005":"第一種低層住居専用地域","A29_006":60,"A29_007":150,"A29_008":null},"geometry":{"type":"MultiPolygon","coordinates":[[[[139.664740503423104,35.727131262798416],[139.665355860409164,35.726925335879685],[139.667537179928672,35.726030606490006],[139.66750541784333,35.725983161900196],[139.667465386084217,35.72593320654795],[139.667362547783796,35.725806737374938],[139.667317384961621,35.725750890818276],[139.667287744590254,35.725714637791782],[139.667228000100863,35.725641384749814],[139.667184852813989,35.725588643405224],[139.667175757499109,35.725577478321483],[139.66716777264179,35.725568142728726],[139.667097674633226,35.725481298138391],[139.667074694749346,35.72545238141192],[139.666986511124861,35.725350834029868],[139.666915318702394,35.725254602848985],[139.666819365599139,35.725137108545411],[139.666812773079755,35.725129632557874],[139.666739009582557,35.725038374127948],[139.6665922419092,35.724855621137685],[139.666469990086085,35.724704268390305],[139.666439778935171,35.724665924106361],[139.666369164985412,35.724579189242107],[139.666288087630278,35.724478115398277],[139.666215662405676,35.724388670242348],[139.666202063541419,35.724372438595978],[139.666171999363257,35.72432679432552],[139.666038941945914,35.724153643848389],[139.664864510431897,35.724122518062373],[139.66406548761384,35.72410133538424],[139.66364434399577,35.724089283827844],[139.663129234038422,35.724087616936693],[139.66319107916064,35.724167735236215],[139.663207388474177,35.724188849214165],[139.663208109411983,35.724189783140879],[139.663258307221241,35.724254815102654],[139.663289062915624,35.724294645492101],[139.663319499790191,35.724337326427687],[139.663364110873061,35.724399903264221],[139.663398841597569,35.724448629355457],[139.66342081988202,35.72447945084491],[139.663466985561058,35.724551835739085],[139.663490752346519,35.724588962052039],[139.663534294031905,35.724657135667485],[139.663568002825258,35.724709892054598],[139.663572584465669,35.724717820571556],[139.66359462104117,35.724756176584926],[139.663629091834537,35.724816116070457],[139.663647364434865,35.724847759745344],[139.663731405735319,35.724993856183389],[139.663759474403633,35.725049050878951],[139.663793553041216,35.725115802264853],[139.663841219254778,35.725209244931982],[139.663864769514703,35.725262214995048],[139.663878005538294,35.725292056043919],[139.66392062579061,35.725388148789492],[139.663970469260363,35.725508669540993],[139.663983035825225,35.725544126015208],[139.664049090408582,35.725753202986574],[139.664069745744825,35.725914402539779],[139.664077454726481,35.725990553122195],[139.664077201518609,35.72603415970012],[139.663946696037215,35.726553910869242],[139.663926779903619,35.726615287156804],[139.663898388580918,35.726702355621775],[139.663883806501275,35.72674722647627],[139.663857990360157,35.726826587412049],[139.663854437745698,35.726837514115665],[139.663836086324807,35.726898559083544],[139.663818854112975,35.726956717663718],[139.663797326681532,35.72702934154043],[139.66378067010433,35.727085512522514],[139.663765535447482,35.727136544283326],[139.663765198092818,35.727137688536367],[139.663763502443913,35.727143425112395],[139.663753163517754,35.727172757056046],[139.663743400677333,35.72720043581306],[139.663735016714327,35.727224243364056],[139.664678950997313,35.727018646789681],[139.664740503423104,35.727131262798416]]]]}},
{"type":"Feature","properties":{"A29_001":"13114","A29_002":"東京都","A29_003":"中野区","A29_004":3,"A29_005":"第一種中高層住居専用地域","A29_006":60,"A29_007":200,"A29_008":null},"geometry":{"type":"MultiPolygon","coordinates":[[[[139.667947165236342,35.731338479806716],[139.668595076750989,35.731281603098566],[139.668577241355422,35.731118018826493],[139.668570724466889,35.731055519526244],[139.668555037544451,35.730909512900944],[139.668551148200805,35.730874068808696],[139.668547125024986,35.730838121574124],[139.668534957735801,35.730726750008607],[139.668527711428624,35.730659337291677],[139.668517606750129,35.730569109943374],[139.668505087569997,35.730451480646614],[139.668493980293988,35.730346694955777],[139.668485038949711,35.730268713267769],[139.66847439993515,35.730174954551067],[139.668468985915069,35.730121339648868],[139.668465980209504,35.730091677181115],[139.668462126355848,35.730059449182654],[139.668427538159705,35.729739671357471],[139.668418857137965,35.729659333857391],[139.668416029580271,35.729632299996332],[139.668409864950746,35.729574954230351],[139.668401636044962,35.729500028211191],[139.668397676503844,35.729464381203378],[139.668395567047867,35.729444572726536],[139.668387052152468,35.729370042010338],[139.6683720956066,35.729234748986592],[139.668365090961487,35.729170370552559],[139.668349144696009,35.729031513088678],[139.668327067369034,35.728832502150581],[139.66831329816128,35.728720416255946],[139.668305832547361,35.728648005159194],[139.668291700987822,35.728519681656323],[139.668259828541863,35.728290654141844],[139.668321870198696,35.728253871593679],[139.667198061919862,35.727255784198753],[139.666793943251548,35.727498481593528],[139.66679557895489,35.727555720564141],[139.666309341141698,35.727625161604912],[139.666190519909776,35.72738174061756],[139.66606735178479,35.727119433297027],[139.665998769930468,35.726908198080061],[139.665194105227329,35.727221520607436],[139.66443481698056,35.727454963589132],[139.664420343586471,35.727395760021508],[139.664409383667703,35.72735090556796],[139.664374663868188,35.727248800393575],[139.664740503423104,35.727131262798416],[139.664678950997313,35.727018646789681],[139.663735016714327,35.727224243364056],[139.663743400677333,35.72720043581306],[139.663753163517754,35.727172757056046],[139.663763502443913,35.727143425112395],[139.663765198092818,35.727137688536367],[139.663765535447482,35.727136544283326],[139.66378067010433,35.727085512522514],[139.663797326681532,35.72702934154043],[139.663818854112975,35.726956717663718],[139.663836086324807,35.726898559083544],[139.663854437745698,35.726837514115665],[139.663857990360157,35.726826587412049],[139.663883806501275,35.72674722647627],[139.663898388580918,35.726702355621775],[139.663926779903619,35.726615287156804],[139.663946696037215,35.726553910869242],[139.664077201518609,35.72603415970012],[139.664077454726481,35.725990553122195],[139.664069745744825,35.725914402539779],[139.664049090408582,35.725753202986574],[139.663983035825225,35.725544126015208],[139.663970469260363,35.725508669540993],[139.66392062579061,35.725388148789492],[139.663878005538294,35.725292056043919],[139.663864769514703,35.725262214995048],[139.663841219254778,35.725209244931982],[139.663793553041216,35.725115802264853],[139.663759474403633,35.725049050878951],[139.663731405735319,35.724993856183389],[139.663647364434865,35.724847759745344],[139.663629091834537,35.724816116070457],[139.66359462104117,35.724756176584926],[139.663572584465669,35.724717820571556],[139.663568002825258,35.724709892054598],[139.663534294031905,35.724657135667485],[139.663490752346519,35.724588962052039],[139.663466985561058,35.724551835739085],[139.66342081988202,35.72447945084491],[139.663398841597569,35.724448629355457],[139.663364110873061,35.724399903264221],[139.663319499790191,35.724337326427687],[139.663289062915624,35.724294645492101],[139.663258307221241,35.724254815102654],[139.663208109411983,35.724189783140879],[139.663207388474177,35.724188849214165],[139.66319107916064,35.724167735236215],[139.663129234038422,35.724087616936693],[139.662952291665022,35.724087044091682],[139.662951635005896,35.724095941396747],[139.662945649545492,35.724198607840407],[139.662942998673799,35.724249797778008],[139.662938405592513,35.724328653137988],[139.662932856474356,35.724433521317145],[139.662922546798455,35.72459506843461],[139.662917178827911,35.724689032202562],[139.66291159428954,35.724768872241498],[139.662906971726301,35.724835535746735],[139.662899925149134,35.72495480463877],[139.662894980116107,35.72504477418196],[139.662891177749003,35.725108817707252],[139.66288255380843,35.725230658684808],[139.662881419006368,35.725251305454805],[139.662872873251104,35.725417576420696],[139.662867061112479,35.7254827248696],[139.662864101130367,35.725514918192346],[139.662862138439181,35.725575147953549],[139.662849027990433,35.725766119650388],[139.662836919221093,35.725946028553693],[139.662834377437576,35.72604942996864],[139.66282796827781,35.72614429182341],[139.662821934359897,35.726225357979594],[139.662815228019184,35.72632377167298],[139.662809660201191,35.726403962363406],[139.66280745982516,35.726434473914821],[139.662796087332595,35.726498595038144],[139.662784428127594,35.726667089718994],[139.662781817024069,35.726691113594065],[139.66277848288226,35.726722477126756],[139.662778324980934,35.726723958740109],[139.662778005837282,35.726726933679892],[139.662767044784772,35.726830503430364],[139.662766881153431,35.726831559593364],[139.662766439973751,35.726835783646166],[139.662753273673701,35.726960670154476],[139.662749430293019,35.726981438370558],[139.66273451314126,35.72706197545061],[139.662712684860168,35.727251447661601],[139.662662730501353,35.727361080505609],[139.662621619422794,35.727443126782951],[139.662797816898035,35.727598041150891],[139.663037536491117,35.727795894998636],[139.663422395562378,35.728364990243932],[139.663480566866923,35.728517703555738],[139.663531609594202,35.728721919800194],[139.663595687315734,35.728844414853278],[139.663672365505789,35.728963068912975],[139.66384595342592,35.729169604106801],[139.663911473476588,35.729305633508595],[139.664015933526599,35.729699282752428],[139.664506336120411,35.730966432673405],[139.664649236991096,35.731164576574116],[139.664894559473083,35.731339015104666],[139.665204021533413,35.731439505933047],[139.665424846506625,35.731462888767886],[139.666038006487526,35.73142646531349],[139.666400845807118,35.731353038535936],[139.666588172135619,35.73128890701684],[139.666886757432138,35.731170077347791],[139.666900766539442,35.731465819524828],[139.667947165236342,35.731338479806716]]]]}},
{"type":"Feature","properties":{"A29_001":"13114","A29_002":"東京都","A29_003":"中野区","A29_004":5,"A29_005":"第一種住居地域","A29_006":60,"A29_007":300,"A29_008":null},"geometry":{"type":"MultiPolygon","coordinates":[[[[139.668447791556616,35.7169807154201],[139.668158234113122,35.716583830880538],[139.667867080902482,35.716665274937782],[139.667703262583274,35.716691760104695],[139.66557189499332,35.716740321044774],[139.664460198056929,35.716950542421486],[139.66423091289181,35.71695785204161],[139.663439397568936,35.716894801684539],[139.663470136448694,35.71716664893669],[139.663448700414932,35.71734596065712],[139.664263816777947,35.717422798240413],[139.664528211772335,35.717407906238506],[139.665588422176057,35.717209059865461],[139.667701113985089,35.717147117696172],[139.667846177907194,35.717139685683733],[139.668031068225389,35.717105597696225],[139.668447791556616,35.7169807154201]]]]}},
{"type":"Feature","properties":{"A29_001":"13114","A29_002":"東京都","A29_003":"中野区","A29_004":5,"A29_005":"第一種住居地域","A29_006":60,"A29_007":200,"A29_008":null},"geometry":{"type":"MultiPolygon","coordinates":[[[[139.665567376600308,35.710383206110478],[139.665807116248743,35.710986773138011],[139.666196244308509,35.71244929028574],[139.666970165310403,35.71253606458027],[139.667201040556733,35.71189723863511],[139.66720415773608,35.711804233046017],[139.667142236197236,35.711581643128497],[139.667053222255248,35.711354672539102],[139.666787476845599,35.710904041776189],[139.666591246440447,35.710376987188987],[139.665567376600308,35.710383206110478]]]]}},
{"type":"Feature","properties":{"A29_001":"13114","A29_002":"東京都","A29_003":"中野区","A29_004":8,"A29_005":"近隣商業地域","A29_006":80,"A29_007":400,"A29_008":null},"geometry":{"type":"MultiPolygon","coordinates":[[[[139.669638509709841,35.717316018504064],[139.66912459634446,35.71653297358484],[139.668807021681175,35.716138003268675],[139.666839101056979,35.714377410926552],[139.666825401960381,35.714215220947921],[139.666694272404072,35.713993246722879],[139.666578583206871,35.713929247535198],[139.666450896348607,35.713428280512062],[139.666318127157325,35.712907371383075],[139.666196244308509,35.71244929028574],[139.665807116248743,35.710986773138011],[139.665567376600308,35.710383206110478],[139.665472574845637,35.710377594466827],[139.665313050793259,35.710592964076021],[139.665114194739999,35.710600317886659],[139.664676425505547,35.710382014347474],[139.664945428629125,35.711093916780939],[139.66508939084747,35.711565029403147],[139.665747877465918,35.714073761621549],[139.665635278686125,35.714220512650911],[139.665739912582723,35.714525921501995],[139.665996776976414,35.71475141044818],[139.666134786577231,35.714759233835686],[139.667138744811382,35.715643331630936],[139.667687880520191,35.716143055992937],[139.668158234113122,35.716583830880538],[139.668447791556616,35.7169807154201],[139.66892930258237,35.71771959580326],[139.669638509709841,35.717316018504064]]]]}},
{"type":"Feature","properties":{"A29_001":"13114","A29_002":"東京都","A29_003":"中野区","A29_004":8,"A29_005":"近隣商業地域","A29_006":80,"A29_007":300,"A29_008":null},"geometry":{"type":"MultiPolygon","coordinates":[[[[139.668082190050256,35.721697917296787],[139.668211198957607,35.721088726660319],[139.668216882138836,35.721060946377342],[139.668238840278349,35.720961527457433],[139.668256385049546,35.720879210325322],[139.668268131460422,35.720829091792687],[139.668278884055184,35.720781182035324],[139.668297276912284,35.720712680323231],[139.668306270075846,35.720674867006608],[139.668333997283725,35.720552530735219],[139.668371122047915,35.720402621152573],[139.668388255965255,35.720329178236327],[139.668417076688655,35.720195230292283],[139.668434373497121,35.720120467094794],[139.668420602052663,35.720016592455714],[139.668410511647778,35.7199416700821],[139.668399064771023,35.719852868485539],[139.668377831949073,35.719698103557946],[139.668194120987948,35.719711762587224],[139.668116152769812,35.719729818122964],[139.668061607286091,35.719742449801181],[139.668051329418859,35.71974546607872],[139.668022709816682,35.719756097129732],[139.667861487612043,35.719814749130371],[139.667863801280276,35.719832354098408],[139.667870153533983,35.719880689327404],[139.667887047931316,35.720014076193422],[139.667898261245654,35.720104926308622],[139.667846358585649,35.720333849537653],[139.667816557930905,35.720462237295486],[139.66780794316179,35.720498157335491],[139.667772244771271,35.720644065752097],[139.667747691695894,35.720747896793718],[139.667733574960522,35.720808840973739],[139.66772631917388,35.720845538044529],[139.66771432478302,35.72090158083104],[139.667685113147172,35.721046452549366],[139.667671327077414,35.721089023821776],[139.667667268045562,35.721106315365901],[139.667646892928673,35.721202596912057],[139.667625035130499,35.721291553753332],[139.6676078331962,35.7213621598682],[139.667597647418944,35.721416377164871],[139.667590986346795,35.721481951054948],[139.667576498821376,35.721625586491278],[139.667568447606669,35.721709726508685],[139.667568113285625,35.721713189980271],[139.667564819916464,35.721744558231343],[139.667554360921798,35.721846545492433],[139.66754657255612,35.721919513493354],[139.667537829093732,35.721986616823038],[139.667533461745791,35.722026884536419],[139.66752331062338,35.722111933832267],[139.667529776506939,35.722154387722725],[139.667618855440111,35.722140410415186],[139.667638053781815,35.722137388420109],[139.667686179341075,35.722133133480995],[139.667776320440879,35.722122251631518],[139.667779304017273,35.722323229953155],[139.667848921253295,35.722362062257716],[139.668021199051424,35.72243821775659],[139.668082190050256,35.721697917296787]]]]}},
{"type":"Feature","properties":{"A29_001":"13114","A29_002":"東京都","A29_003":"中野区","A29_004":1,"A29_005":"第一種低層住居専用地域","A29_006":60,"A29_007":150,"A29_008":null},"geometry":{"type":"MultiPolygon","coordinates":[[[[139.673097459244019,35.723310892386998],[139.671719671726521,35.721991996869292],[139.671604520561829,35.721814369664386],[139.671447126823011,35.721571581145987],[139.671312491652486,35.721377676821731],[139.671287110084364,35.721342451725256],[139.671261026017504,35.721307541154751],[139.671234293503034,35.721273000165461],[139.671206870611485,35.72123879264614],[139.671178798169734,35.721204953804431],[139.671150056280482,35.7211714845144],[139.671120342833206,35.721138013007803],[139.67110234475129,35.721118271487391],[139.67091116923163,35.720910666470722],[139.670745775676409,35.720742794614644],[139.67066074997166,35.720656805308749],[139.670483271082873,35.720477313540471],[139.670464356426038,35.720457852810682],[139.670424818570609,35.720414984673056],[139.670386234862974,35.720369829255681],[139.670349671684249,35.720323603037514],[139.670315162158886,35.720276322289799],[139.670282770210264,35.720228077236811],[139.670252516732404,35.720178919286333],[139.669811261262396,35.719050097165812],[139.66892930258237,35.71771959580326],[139.667064288525751,35.718768759696481],[139.666755175263489,35.718909993282118],[139.666210886180011,35.719075225345115],[139.66608379408234,35.719304258263087],[139.665804402992649,35.719494897417107],[139.66568586862428,35.719539806315026],[139.665583214412521,35.719554789537547],[139.665508368040662,35.719563948586746],[139.665471244993597,35.719597885408234],[139.665379254792526,35.719708834685257],[139.665260400503769,35.719845834519454],[139.665211657646154,35.719910674450972],[139.664997801758659,35.720186594437102],[139.664983590561093,35.720198264335224],[139.664963533661506,35.720211886522762],[139.664908071711181,35.72024952556346],[139.664888785309586,35.720257289064762],[139.664779260674976,35.720308786586372],[139.664710571413309,35.720341580236379],[139.664484819909234,35.720442501340109],[139.664365984329237,35.720504659353125],[139.664219925340461,35.720531184272147],[139.664067040157477,35.720564053039446],[139.663507088644565,35.720585532825105],[139.663364438010035,35.720589564569487],[139.663197479668895,35.720988078126936],[139.663185200086104,35.721151567124352],[139.663202206800264,35.722066043801419],[139.663666933969438,35.722175896640287],[139.664039033335513,35.722401005105766],[139.664306904351378,35.72255259001092],[139.664514869654454,35.722717286304324],[139.664639726893284,35.722837466634338],[139.664659288593896,35.722856321657659],[139.664720373557259,35.722914430493752],[139.664754049027522,35.722945678239995],[139.664787445035699,35.722977373562152],[139.664821776247379,35.723010102241766],[139.664855254427238,35.72304269902093],[139.664873250458811,35.723059194760204],[139.664916326391875,35.723100289455907],[139.664945193740095,35.723127298535658],[139.664982153962796,35.723163033277736],[139.665058082404983,35.723236346112003],[139.665123000730858,35.723298973211662],[139.665124708862521,35.723300391635114],[139.665158703643556,35.723328688657226],[139.665220080157098,35.723382513475734],[139.665315851467028,35.723439932197358],[139.665394818383533,35.723491905728942],[139.665467659401997,35.723543912134289],[139.665499357083888,35.723575036132047],[139.665524159277965,35.723594625713723],[139.665586145646216,35.723645635342585],[139.666055769995637,35.723658080936175],[139.666352791392711,35.723666848662447],[139.667553411679762,35.723698570117541],[139.670305813350893,35.723730307215732],[139.6708220461922,35.723710734124303],[139.673097459244019,35.723310892386998]],[[139.668021199051424,35.72243821775659],[139.667848921253295,35.722362062257716],[139.667779304017273,35.722323229953155],[139.667776320440879,35.722122251631518],[139.667686179341075,35.722133133480995],[139.667638053781815,35.722137388420109],[139.667618855440111,35.722140410415186],[139.667529776506939,35.722154387722725],[139.66752331062338,35.722111933832267],[139.667533461745791,35.722026884536419],[139.667537829093732,35.721986616823038],[139.66754657255612,35.721919513493354],[139.667554360921798,35.721846545492433],[139.667564819916464,35.721744558231343],[139.667568113285625,35.721713189980271],[139.667568447606669,35.721709726508685],[139.667576498821376,35.721625586491278],[139.667590986346795,35.721481951054948],[139.667597647418944,35.721416377164871],[139.6676078331962,35.7213621598682],[139.667625035130499,35.721291553753332],[139.667646892928673,35.721202596912057],[139.667667268045562,35.721106315365901],[139.667671327077414,35.721089023821776],[139.667685113147172,35.721046452549366],[139.66771432478302,35.72090158083104],[139.66772631917388,35.720845538044529],[139.667733574960522,35.720808840973739],[139.667747691695894,35.720747896793718],[139.667772244771271,35.720644065752097],[139.66780794316179,35.720498157335491],[139.667816557930905,35.720462237295486],[139.667846358585649,35.720333849537653],[139.667898261245654,35.720104926308622],[139.667887047931316,35.720014076193422],[139.667870153533983,35.719880689327404],[139.667863801280276,35.719832354098408],[139.667861487612043,35.719814749130371],[139.668022709816682,35.719756097129732],[139.668051329418859,35.71974546607872],[139.668061607286091,35.719742449801181],[139.668116152769812,35.719729818122964],[139.668194120987948,35.719711762587224],[139.668377831949073,35.719698103557946],[139.668399064771023,35.719852868485539],[139.668410511647778,35.7199416700821],[139.668420602052663,35.720016592455714],[139.668434373497121,35.720120467094794],[139.668417076688655,35.720195230292283],[139.668388255965255,35.720329178236327],[139.668371122047915,35.720402621152573],[139.668333997283725,35.720552530735219],[139.668306270075846,35.720674867006608],[139.668297276912284,35.720712680323231],[139.668278884055184,35.720781182035324],[139.668268131460422,35.720829091792687],[139.668256385049546,35.720879210325322],[139.668238840278349,35.720961527457433],[139.668216882138836,35.721060946377342],[139.668211198957607,35.721088726660319],[139.668184588771368,35.721210569575113],[139.668082190050256,35.721697917296787],[139.668021199051424,35.72243821775659]]]]}},
{"type":"Feature","properties":{"A29_001":"13114","A29_002":"東京都","A29_003":"中野区","A29_004":5,"A29_005":"第一種住居地域","A29_006":60,"A29_007":200,"A29_008":null},"geometry":{"type":"MultiPolygon","coordinates":[[[[139.669937725728715,35.710150925184855],[139.669193650234575,35.710239583838728],[139.667148028721869,35.710362494100472],[139.667224768164346,35.710618013955091],[139.667234255463768,35.710642975867103],[139.667262283874692,35.710716396285328],[139.667276490674283,35.7107540450763],[139.667306707391219,35.71081089332943],[139.667326395469871,35.71084289361135],[139.667468142795798,35.711086589379121],[139.667600713242109,35.711311546099623],[139.667705271941117,35.711655111197103],[139.668622664468813,35.711473212227688],[139.668627394138298,35.711448416060342],[139.669216883166655,35.711458760807709],[139.66932740968133,35.711176542943882],[139.669937725728715,35.710150925184855]]]]}},
{"type":"Feature","properties":{"A29_001":"13114","A29_002":"東京都","A29_003":"中野区","A29_004":5,"A29_005":"第一種住居地域","A29_006":60,"A29_007":200,"A29_008":null},"geometry":{"type":"MultiPolygon","coordinates":[[[[139.674127154810094,35.711987659412323],[139.674088315445601,35.711875239486481],[139.673671860160937,35.710445862130889],[139.673568710594935,35.709945931242316],[139.673412870849063,35.709499276593789],[139.673265134884076,35.70968033033693],[139.673131743126504,35.709706863405664],[139.672934756004537,35.709608361785016],[139.672902674417429,35.709616887170995],[139.673109101307716,35.710500517982325],[139.673302048876906,35.711132213449361],[139.673626630267279,35.712151589958133],[139.673877695587464,35.712066067562269],[139.673863853385598,35.711968746558441],[139.674127154810094,35.711987659412323]]]]}},
{"type":"Feature","properties":{"A29_001":"13114","A29_002":"東京都","A29_003":"中野区","A29_004":3,"A29_005":"第一種中高層住居専用地域","A29_006":60,"A29_007":200,"A29_008":null},"geometry":{"type":"MultiPolygon","coordinates":[[[[139.673302048876906,35.711132213449361],[139.673109101307716,35.710500517982325],[139.672902674417429,35.709616887170995],[139.670595331572258,35.710020171331166],[139.669883715656539,35.711226383426606],[139.670021566634944,35.711340568742372],[139.670169680189588,35.711442383195667],[139.670257346383607,35.711471120442816],[139.670578944786342,35.711500174195855],[139.670599055106635,35.711676681713989],[139.67054023246493,35.71184354300749],[139.670275848133855,35.712437017495468],[139.669422471581754,35.712144941600933],[139.668780049479579,35.712970623188433],[139.668592903262379,35.713157792025527],[139.669012654851912,35.713486382662225],[139.669039043132756,35.713506981437845],[139.669437945759825,35.7138193061121],[139.669454724095488,35.713832403201536],[139.669859368023737,35.714149241095939],[139.669881869277816,35.714166750850055],[139.670260870092619,35.714460458759241],[139.670735068170927,35.71423072208534],[139.671028301587626,35.714120936981857],[139.671184598440334,35.714051032533156],[139.67137607567949,35.713936816676409],[139.671904831330323,35.713621293505497],[139.673065738192463,35.713044752867766],[139.673852366991923,35.712743873409259],[139.673699905766114,35.712359170782662],[139.673626630267279,35.712151589958133],[139.673302048876906,35.711132213449361]]]]}},
{"type":"Feature","properties":{"A29_001":"13114","A29_002":"東京都","A29_003":"中野区","A29_004":8,"A29_005":"近隣商業地域","A29_006":80,"A29_007":300,"A29_008":null},"geometry":{"type":"MultiPolygon","coordinates":[[[[139.669920864142398,35.714865762998443],[139.670375075142886,35.714657488903164],[139.670552775192249,35.71482768331807],[139.670962917353251,35.714623863193637],[139.671110424090017,35.71456300948774],[139.671311767910396,35.714486964933883],[139.671588088015938,35.7143537839925],[139.671948856434341,35.71410624200491],[139.673424125405603,35.713383211185814],[139.67458300990603,35.712934482157507],[139.676345707109334,35.712347254680303],[139.676671007009276,35.712280902218218],[139.677169335882297,35.712256747209835],[139.676984330191146,35.712357625470503],[139.6765743018303,35.712685250103931],[139.676410255138478,35.712833852149636],[139.675926989272369,35.713449232693421],[139.676248694843053,35.713428785413271],[139.676037595466852,35.713711116638294],[139.676261966012618,35.713818728760081],[139.67683887981039,35.713091141391295],[139.677330933609596,35.712688260367095],[139.677966760544535,35.712332783393315],[139.679809085692767,35.711373568192755],[139.680108408688369,35.711158451440319],[139.680118371456899,35.711114965462912],[139.680178029369984,35.7111121795499],[139.680269456751518,35.711010700403946],[139.680566624857079,35.710664794850828],[139.680402095212798,35.710459964055183],[139.680326450668531,35.710565756143609],[139.680091543222261,35.710465292740068],[139.679862949275417,35.710732583883384],[139.679474624537846,35.71103687445995],[139.678277207762079,35.711627345885105],[139.677921248711471,35.71182340001365],[139.677153959081323,35.711816683093843],[139.676672355416883,35.711850248251174],[139.676404342907006,35.711893693242779],[139.675969150386464,35.71200640630655],[139.674322390248221,35.712544583679069],[139.674247449215244,35.712364904004552],[139.674127154810094,35.711987659412323],[139.673863853385598,35.711968746558441],[139.673877695587464,35.712066067562269],[139.673626630267279,35.712151589958133],[139.673699905766114,35.712359170782662],[139.673852366991923,35.712743873409259],[139.673065738192463,35.713044752867766],[139.671904831330323,35.713621293505497],[139.67137607567949,35.713936816676409],[139.671184598440334,35.714051032533156],[139.671028301587626,35.714120936981857],[139.670735068170927,35.71423072208534],[139.670260870092619,35.714460458759241],[139.669881869277816,35.714166750850055],[139.669859368023737,35.714149241095939],[139.669454724095488,35.713832403201536],[139.669437945759825,35.7138193061121],[139.669039043132756,35.713506981437845],[139.669012654851912,35.713486382662225],[139.668592903262379,35.713157792025527],[139.668780049479579,35.712970623188433],[139.669422471581754,35.712144941600933],[139.670275848133855,35.712437017495468],[139.67054023246493,35.71184354300749],[139.670599055106635,35.711676681713989],[139.670578944786342,35.711500174195855],[139.670257346383607,35.711471120442816],[139.670169680189588,35.711442383195667],[139.670021566634944,35.711340568742372],[139.669883715656539,35.711226383426606],[139.670595331572258,35.710020171331166],[139.669937725728715,35.710150925184855],[139.66932740968133,35.711176542943882],[139.669216883166655,35.711458760807709],[139.668627394138298,35.711448416060342],[139.668622664468813,35.711473212227688],[139.667705271941117,35.711655111197103],[139.667600713242109,35.711311546099623],[139.667468142795798,35.711086589379121],[139.667326395469871,35.71084289361135],[139.667306707391219,35.71081089332943],[139.667276490674283,35.7107540450763],[139.667262283874692,35.710716396285328],[139.667234255463768,35.710642975867103],[139.667224768164346,35.710618013955091],[139.667148028721869,35.710362494100472],[139.666591246440447,35.710376987188987],[139.666787476845599,35.710904041776189],[139.667053222255248,35.711354672539102],[139.667142236197236,35.711581643128497],[139.66720415773608,35.711804233046017],[139.667201040556733,35.71189723863511],[139.666970165310403,35.71253606458027],[139.666196244308537,35.71244929028574],[139.666318127157325,35.712907371383075],[139.666450896348607,35.713428280512062],[139.666850333560348,35.713475946291418],[139.667572038979671,35.713755972054123],[139.668252328056042,35.714269653759359],[139.668693443847388,35.714487281006058],[139.669429732501555,35.714793549098168],[139.669838901642379,35.714906194436168],[139.669920864142398,35.714865762998443]]]]}},
{"type":"Feature","properties":{"A29_001":"13114","A29_002":"東京都","A29_003":"中野区","A29_004":3,"A29_005":"第一種中高層住居専用地域","A29_006":60,"A29_007":200,"A29_008":null},"geometry":{"type":"MultiPolygon","coordinates":[[[[139.671925211524496,35.715318319491182],[139.672035859314775,35.715264092849516],[139.672206139379171,35.715221393323006],[139.672592205744962,35.715191860241951],[139.674894063019849,35.715266458657062],[139.676037595466852,35.713711116638294],[139.676248694843053,35.713428785413271],[139.675926989272369,35.713449232693421],[139.676410255138478,35.712833852149636],[139.6765743018303,35.712685250103931],[139.676984330191146,35.712357625470503],[139.677169335882297,35.712256747209835],[139.676671007009276,35.712280902218218],[139.676345707109334,35.712347254680303],[139.67458300990603,35.712934482157507],[139.673424125405603,35.713383211185814],[139.671948856434341,35.71410624200491],[139.671588088015938,35.7143537839925],[139.671311767910396,35.714486964933883],[139.671110424090017,35.71456300948774],[139.670962917353251,35.714623863193637],[139.670552775192249,35.71482768331807],[139.670807481753798,35.715071746231601],[139.670821779226458,35.715085424767445],[139.671004896351775,35.715260806390397],[139.671024975309535,35.715280034268922],[139.671064231990641,35.715317634310146],[139.671065273280448,35.715317015574925],[139.67143128527934,35.71525315153724],[139.671649879112294,35.715250696639593],[139.671790218994687,35.715263763382779],[139.671925211524496,35.715318319491182]]]]}},
{"type":"Feature","properties":{"A29_001":"13114","A29_002":"東京都","A29_003":"中野区","A29_004":3,"A29_005":"第一種中高層住居専用地域","A29_006":60,"A29_007":200,"A29_008":null},"geometry":{"type":"MultiPolygon","coordinates":[[[[139.679564922602253,35.714374983881896],[139.679731288102914,35.714377477657273],[139.680027895038563,35.714207642972895],[139.680112415418137,35.714173549162432],[139.680269464511781,35.714128421028107],[139.68042681730816,35.714094121397899],[139.680853435220143,35.714075454412232],[139.680804023116167,35.71352561963203],[139.680766526325641,35.713253697048074],[139.680240402103038,35.713130208197946],[139.680086924306693,35.713107356615929],[139.679845658536777,35.713116588644667],[139.679542787237153,35.713228290849287],[139.679228245760129,35.713325668132903],[139.678947355085455,35.713411163418996],[139.679032954767649,35.71386683281105],[139.678239494913498,35.713999961779216],[139.67773403631449,35.714041591080331],[139.677431486671566,35.714094312551893],[139.677500461162907,35.714564429636489],[139.679564922602253,35.714374983881896]]]]}},
{"type":"Feature","properties":{"A29_001":"13114","A29_002":"東京都","A29_003":"中野区","A29_004":8,"A29_005":"近隣商業地域","A29_006":80,"A29_007":400,"A29_008":null},"geometry":{"type":"MultiPolygon","coordinates":[[[[139.681854406841722,35.713917762660728],[139.681808311954882,35.714169546769391],[139.681880232283817,35.714178222824138],[139.681915775318032,35.713939303704187],[139.681854406841722,35.713917762660728]]]]}},
{"type":"Feature","properties":{"A29_001":"13114","A29_002":"東京都","A29_003":"中野区","A29_004":5,"A29_005":"第一種住居地域","A29_006":60,"A29_007":200,"A29_008":null},"geometry":{"type":"MultiPolygon","coordinates":[[[[139.680853435220143,35.714075454412232],[139.68042681730816,35.714094121397899],[139.680269464511781,35.714128421028107],[139.680112415418137,35.714173549162432],[139.680027895038563,35.714207642972895],[139.680374267999582,35.714618654162258],[139.680891214571091,35.714546929886247],[139.680853435220143,35.714075454412232]]]]}},
{"type":"Feature","properties":{"A29_001":"13114","A29_002":"東京都","A29_003":"中野区","A29_004":5,"A29_005":"第一種住居地域","A29_006":60,"A29_007":200,"A29_008":null},"geometry":{"type":"MultiPolygon","coordinates":[[[[139.681854406841722,35.713917762660728],[139.681601697536649,35.713864086863758],[139.681588000469389,35.714147868969981],[139.681808311954882,35.714169546769391],[139.681854406841722,35.713917762660728]]]]}},
{"type":"Feature","properties":{"A29_001":"13114","A29_002":"東京都","A29_003":"中野区","A29_004":3,"A29_005":"第一種中高層住居専用地域","A29_006":60,"A29_007":200,"A29_008":null},"geometry":{"type":"MultiPolygon","coordinates":[[[[139.671400369108198,35.716295887145783],[139.671186616344386,35.716138812480317],[139.671147619274478,35.716103786222313],[139.671077482415114,35.716035437909795],[139.670928796119853,35.71589421669939],[139.670928508197733,35.715893944099797],[139.670772340159402,35.715744363287385],[139.670742791960464,35.715716065698317],[139.670736711521585,35.71571026173109],[139.670542108403339,35.715523839626613],[139.670513276483547,35.715496131538259],[139.67050640169947,35.715489634239333],[139.670089074201968,35.715071107356813],[139.669920864142398,35.714865762998443],[139.669838901642379,35.714906194436168],[139.669429732501555,35.714793549098168],[139.668693443847388,35.714487281006058],[139.668252328056042,35.714269653759359],[139.667572038979671,35.713755972054123],[139.666850333560348,35.713475946291418],[139.666450896348607,35.713428280512062],[139.666578583206871,35.713929247535198],[139.666694272404072,35.713993246722879],[139.666825401960381,35.714215220947921],[139.666839101056979,35.714377410926552],[139.668807021681175,35.716138003268675],[139.66912459634446,35.71653297358484],[139.669638509709841,35.717316018504064],[139.671400369108198,35.716295887145783]]]]}},
{"type":"Feature","properties":{"A29_001":"13114","A29_002":"東京都","A29_003":"中野区","A29_004":9,"A29_005":"商業地域","A29_006":80,"A29_007":400,"A29_008":null},"geometry":{"type":"MultiPolygon","coordinates":[[[[139.671844180316441,35.716063302414675],[139.672268293546637,35.715868968114179],[139.672657483125903,35.715741897923053],[139.67292222611843,35.715695746164307],[139.673597809700652,35.715662064156263],[139.673611463989118,35.715414056026894],[139.673184723912385,35.715393554772724],[139.672946410429915,35.715385852022564],[139.672458444132019,35.715397734096683],[139.672067029389325,35.71546875627913],[139.671925211524496,35.715318319491182],[139.671790218994687,35.715263763382779],[139.671649879112294,35.715250696639593],[139.67143128527934,35.71525315153724],[139.671065273280448,35.715317015574925],[139.671064231990641,35.715317634310146],[139.671024975309535,35.715280034268922],[139.671004896351775,35.715260806390397],[139.670821779226458,35.715085424767445],[139.670807481753798,35.715071746231601],[139.670552775192249,35.71482768331807],[139.670375075142886,35.714657488903164],[139.669920864142398,35.714865762998443],[139.670089074201968,35.715071107356813],[139.67050640169947,35.715489634239333],[139.670513276483547,35.715496131538259],[139.670542108403339,35.715523839626613],[139.670736711521585,35.71571026173109],[139.670742791960464,35.715716065698317],[139.670772340159402,35.715744363287385],[139.670928508197733,35.715893944099797],[139.670928796119853,35.71589421669939],[139.671077482415114,35.716035437909795],[139.671147619274478,35.716103786222313],[139.671186616344386,35.716138812480317],[139.671400369108198,35.716295887145783],[139.671844180316441,35.716063302414675]]]]}},
{"type":"Feature","properties":{"A29_001":"13114","A29_002":"東京都","A29_003":"中野区","A29_004":1,"A29_005":"第一種低層住居専用地域","A29_006":60,"A29_007":150,"A29_008":null},"geometry":{"type":"MultiPolygon","coordinates":[[[[139.675637737647975,35.719899125474143],[139.675601173495352,35.719856930301141],[139.675736230541048,35.719781919081015],[139.675661055869597,35.719641590478069],[139.676367830477915,35.719443791398675],[139.676454068559849,35.719692709046761],[139.676957941585414,35.719548841938519],[139.677212672713608,35.719393202406359],[139.677550111465735,35.719114610309717],[139.677806778239642,35.718864531293171],[139.678439793726142,35.718172782381103],[139.678606960136136,35.717926879146347],[139.678897551326742,35.717369193486377],[139.67904563316489,35.717009506939135],[139.679219937684707,35.716699220527666],[139.679376874443363,35.716751649992126],[139.679516591185035,35.716634493161202],[139.679577771915206,35.716545606744575],[139.679603102717266,35.716355574186238],[139.679553323471367,35.716237459637071],[139.679403688851522,35.715977788629942],[139.679346348547938,35.715735390973329],[139.679215785434081,35.715783173111788],[139.679139044287183,35.715568184791906],[139.679072332286893,35.715284300003127],[139.679116738836029,35.715002942470932],[139.679210696956403,35.714805118766307],[139.679351351122961,35.714655052102643],[139.67954757033803,35.71450267141612],[139.679731288102914,35.714377477657273],[139.679564922602253,35.714374983881896],[139.677500461162907,35.714564429636489],[139.677431486671566,35.714094312551893],[139.67773403631449,35.714041591080331],[139.678239494913498,35.713999961779216],[139.679032954767649,35.71386683281105],[139.678947355085455,35.713411163418996],[139.679228245760129,35.713325668132903],[139.679542787237153,35.713228290849287],[139.679845658536777,35.713116588644667],[139.680086924306693,35.713107356615929],[139.680240402103038,35.713130208197946],[139.680766526325641,35.713253697048074],[139.680804023116167,35.71352561963203],[139.680853435220143,35.714075454412232],[139.681588000469389,35.714147868969981],[139.681601697536649,35.713864086863758],[139.681325895489152,35.713787212615138],[139.681170544447042,35.713772917510134],[139.68114760848897,35.713532016758364],[139.681000009881302,35.71349247969296],[139.680993659439025,35.713282725708936],[139.681275344679221,35.713251956113368],[139.681339848843436,35.713304640255096],[139.681484127642904,35.713409621067534],[139.681539672054384,35.713418038176513],[139.681628854090121,35.713421727926864],[139.681763404500373,35.713402818500903],[139.68209107292094,35.713320952734797],[139.682088486642357,35.713142084307783],[139.68187706323684,35.712834170315425],[139.68137804550301,35.7122957532833],[139.681245282911505,35.712144146381682],[139.681095016357858,35.712087414530032],[139.680972846465664,35.712016099994969],[139.680890605521199,35.71190009119848],[139.680880179341443,35.711847133888746],[139.680906668479338,35.711757019370502],[139.680917285367372,35.711709812398439],[139.680903344754341,35.711659712481875],[139.680738645835191,35.711542168192111],[139.680624693250422,35.711499363019541],[139.680191441147656,35.711438446795576],[139.680117848394019,35.711388270869435],[139.680093417013666,35.711319555517797],[139.680108408688369,35.711158451440319],[139.679809085692767,35.711373568192755],[139.677966760544535,35.712332783393315],[139.677330933609596,35.712688260367095],[139.67683887981039,35.713091141391295],[139.676261966012618,35.713818728760081],[139.676037595466852,35.713711116638294],[139.674894063019849,35.715266458657062],[139.674709313823769,35.715528073790686],[139.67450712261774,35.715736721546683],[139.674750947468652,35.715768523332059],[139.674680528662236,35.715887196934538],[139.67457858094582,35.715978641415617],[139.674206108053454,35.716287828534206],[139.673728125437549,35.71694780385112],[139.673452960116521,35.717085760910209],[139.672912412179869,35.717456438405648],[139.672932195403888,35.717492009061381],[139.67294147274535,35.717510495731311],[139.672955215138956,35.7175357801082],[139.672979119455533,35.717580494251202],[139.672999735392125,35.717620867559859],[139.673022412891982,35.717663364513001],[139.673048307846358,35.717711988695207],[139.673074222300755,35.717760272182559],[139.673091693451028,35.717793605258578],[139.6731092184462,35.717827103352825],[139.67312818005928,35.717861846333022],[139.673146472932871,35.717896618165987],[139.673159147370797,35.717921537849527],[139.673177404072135,35.717955061242805],[139.67319655995081,35.717988857138401],[139.673217748778228,35.71802749604705],[139.673235793467342,35.718059831154079],[139.673250583121103,35.71808659872643],[139.673269179857158,35.718118136856255],[139.673287986137353,35.718152135979985],[139.673311077255363,35.71819299835466],[139.673329351672521,35.718223235381103],[139.673343292621155,35.718244397145043],[139.673378572483074,35.71829772530451],[139.673403054444805,35.718335103038733],[139.673499752784181,35.718452327957195],[139.67354261728363,35.718514629897925],[139.674642929396271,35.718883116793108],[139.675346124509218,35.719097249057072],[139.675186282240304,35.719385154276374],[139.675236041304856,35.719835637963321],[139.675325153950041,35.720026067315601],[139.675479650321421,35.719983342476915],[139.675637737647975,35.719899125474143]]]]}},
{"type":"Feature","properties":{"A29_001":"13114","A29_002":"東京都","A29_003":"中野区","A29_004":3,"A29_005":"第一種中高層住居専用地域","A29_006":60,"A29_007":200,"A29_008":null},"geometry":{"type":"MultiPolygon","coordinates":[[[[139.67292222611843,35.715695746164307],[139.672657483125903,35.715741897923053],[139.672268293546637,35.715868968114179],[139.671844180316441,35.716063302414675],[139.671895491185211,35.716116052217025],[139.671907310689846,35.716128249969195],[139.671941769992742,35.716163228441211],[139.671962397292901,35.716184268635409],[139.671987388936657,35.716207137225638],[139.672038641482175,35.71625654643826],[139.672073367192951,35.716289908184343],[139.67212396862675,35.716339425553713],[139.672163085727249,35.716378805237852],[139.672204685033336,35.716421073490444],[139.672220598311185,35.716437797921067],[139.672249089742678,35.716470419372982],[139.672262083127151,35.716485938377907],[139.67227738933201,35.716503919390156],[139.672315668490739,35.716552283587923],[139.672350291950977,35.716597644956941],[139.672381554571899,35.716639017803566],[139.672414550938868,35.71668669798207],[139.67245680629847,35.71674759636408],[139.672485898910793,35.716790320117802],[139.672512746328835,35.716829383139427],[139.672555198362431,35.716888177067545],[139.672605948829045,35.716958598807445],[139.67263702557193,35.717002425733781],[139.672677957271759,35.717053823371508],[139.672799296005337,35.716974232911952],[139.673148356070755,35.716736211297452],[139.673333380528703,35.716633431156595],[139.673653843077147,35.716163596387098],[139.673788648102544,35.716015277715989],[139.674175291053331,35.715697409823598],[139.673597809700652,35.715662064156263],[139.67292222611843,35.715695746164307]]]]}},
{"type":"Feature","properties":{"A29_001":"13114","A29_002":"東京都","A29_003":"中野区","A29_004":8,"A29_005":"近隣商業地域","A29_006":80,"A29_007":300,"A29_008":null},"geometry":{"type":"MultiPolygon","coordinates":[[[[139.67354261728363,35.718514629897925],[139.673499752784181,35.718452327957195],[139.673403054444805,35.718335103038733],[139.673378572483074,35.71829772530451],[139.673343292621155,35.718244397145043],[139.673329351672521,35.718223235381103],[139.673311077255363,35.71819299835466],[139.673287986137353,35.718152135979985],[139.673269179857158,35.718118136856255],[139.673250583121103,35.71808659872643],[139.673235793467342,35.718059831154079],[139.673217748778228,35.71802749604705],[139.67319655995081,35.717988857138401],[139.673177404072135,35.717955061242805],[139.673159147370797,35.717921537849527],[139.673146472932871,35.717896618165987],[139.67312818005928,35.717861846333022],[139.6731092184462,35.717827103352825],[139.673091693451028,35.717793605258578],[139.673074222300755,35.717760272182559],[139.673048307846358,35.717711988695207],[139.673022412891982,35.717663364513001],[139.672999735392125,35.717620867559859],[139.672979119455533,35.717580494251202],[139.672955215138956,35.7175357801082],[139.67294147274535,35.717510495731311],[139.672932195403888,35.717492009061381],[139.672912412179869,35.717456438405648],[139.673452960116521,35.717085760910209],[139.673728125437549,35.71694780385112],[139.674206108053454,35.716287828534206],[139.67457858094582,35.715978641415617],[139.674680528662236,35.715887196934538],[139.674750947468652,35.715768523332059],[139.67450712261774,35.715736721546683],[139.674709313823769,35.715528073790686],[139.674894063019849,35.715266458657062],[139.672592205744962,35.715191860241951],[139.672206139379171,35.715221393323006],[139.672035859314775,35.715264092849516],[139.671925211524496,35.715318319491182],[139.672067029389325,35.71546875627913],[139.672458444132019,35.715397734096683],[139.672946410429915,35.715385852022564],[139.673184723912385,35.715393554772724],[139.673611463989118,35.715414056026894],[139.673597809700652,35.715662064156263],[139.674175291053331,35.715697409823598],[139.673788648102544,35.716015277715989],[139.673653843077147,35.716163596387098],[139.673333380528703,35.716633431156595],[139.673148356070755,35.716736211297452],[139.672799296005337,35.716974232911952],[139.672677957271759,35.717053823371508],[139.67263702557193,35.717002425733781],[139.672605948829045,35.716958598807445],[139.672555198362431,35.716888177067545],[139.672512746328835,35.716829383139427],[139.672485898910793,35.716790320117802],[139.67245680629847,35.71674759636408],[139.672414550938868,35.71668669798207],[139.672381554571899,35.716639017803566],[139.672350291950977,35.716597644956941],[139.672315668490739,35.716552283587923],[139.67227738933201,35.716503919390156],[139.672262083127151,35.716485938377907],[139.672249089742678,35.716470419372982],[139.672220598311185,35.716437797921067],[139.672204685033336,35.716421073490444],[139.672163085727249,35.716378805237852],[139.67212396862675,35.716339425553713],[139.672073367192951,35.716289908184343],[139.672038641482175,35.71625654643826],[139.671987388936657,35.716207137225638],[139.671962397292901,35.716184268635409],[139.671941769992742,35.716163228441211],[139.671907310689846,35.716128249969195],[139.671895491185211,35.716116052217025],[139.671844180316441,35.716063302414675],[139.671400369108198,35.716295887145783],[139.671645231160028,35.716556885868755],[139.671735595061591,35.716649048837738],[139.671769181650177,35.716683331230051],[139.671783281426968,35.716697715146481],[139.671822144594302,35.716747975830707],[139.671829562676322,35.716757580775599],[139.671847013794064,35.716780155348715],[139.671874443980073,35.716815612942455],[139.671886706083455,35.71683147351947],[139.671905552904519,35.716858046594282],[139.671950929735146,35.716922012162129],[139.67198099108569,35.716964374084583],[139.672001591442552,35.716993448969738],[139.672012280175437,35.7170085151295],[139.672037648509985,35.717044304329846],[139.672057086268666,35.717071670468883],[139.672073231803409,35.717094437053667],[139.672122450981618,35.717163848320212],[139.672156904579992,35.717212430065487],[139.67218618027448,35.717253699334712],[139.672239791798035,35.71732929526452],[139.672272124944527,35.717374898744168],[139.672323032864085,35.717446202340582],[139.672335622911731,35.717469495941479],[139.672358555160997,35.717510423187022],[139.672440517248901,35.717655221122236],[139.672465637520332,35.717700290323251],[139.672480524074558,35.717727077950094],[139.672518224316633,35.717797791462246],[139.672536942277389,35.717833752851256],[139.672567400768145,35.717890094378077],[139.672580839142597,35.717917596642366],[139.672654726709936,35.718054696835132],[139.672668318907284,35.718079920650915],[139.672679484957371,35.718101293315236],[139.672703838752398,35.718147308773595],[139.672723130857065,35.718181996371563],[139.672771006627272,35.718268874871846],[139.672793708961734,35.718310035176906],[139.672815583336785,35.718365100588073],[139.672985611050223,35.71862546008235],[139.673012450414006,35.71867564848408],[139.673631169054914,35.719459691144458],[139.673806972200794,35.719291075781648],[139.673432439373499,35.71880764327841],[139.673469476456233,35.718496701279406],[139.67354261728363,35.718514629897925]]]]}},
{"type":"Feature","properties":{"A29_001":"13114","A29_002":"東京都","A29_003":"中野区","A29_004":5,"A29_005":"第一種住居地域","A29_006":60,"A29_007":200,"A29_008":null},"geometry":{"type":"MultiPolygon","coordinates":[[[[139.678981384267047,35.718207820310639],[139.678993427698032,35.718028493759967],[139.678956109566684,35.717969301192781],[139.678972299052333,35.717732743144715],[139.67919993022889,35.717066226009379],[139.67904563316489,35.717009506939135],[139.678897551326742,35.717369193486377],[139.678606960136136,35.717926879146347],[139.678439793726142,35.718172782381103],[139.678581249146447,35.718247372208836],[139.678981384267047,35.718207820310639]]]]}},
{"type":"Feature","properties":{"A29_001":"13114","A29_002":"東京都","A29_003":"中野区","A29_004":1,"A29_005":"第一種低層住居専用地域","A29_006":60,"A29_007":150,"A29_008":null},"geometry":{"type":"MultiPolygon","coordinates":[[[[139.673482382119573,35.720530059966009],[139.673425746523151,35.720275719432436],[139.673403597560366,35.720199979004811],[139.673257155699474,35.719699203803295],[139.673631169054914,35.719459691144458],[139.673012450414006,35.71867564848408],[139.672985611050223,35.71862546008235],[139.672815583336785,35.718365100588073],[139.672793708961734,35.718310035176906],[139.672771006627272,35.718268874871846],[139.672723130857065,35.718181996371563],[139.672703838752398,35.718147308773595],[139.672679484957371,35.718101293315236],[139.672668318907284,35.718079920650915],[139.672654726709936,35.718054696835132],[139.672580839142597,35.717917596642366],[139.672567400768145,35.717890094378077],[139.672536942277389,35.717833752851256],[139.672518224316633,35.717797791462246],[139.672480524074558,35.717727077950094],[139.672465637520332,35.717700290323251],[139.672440517248901,35.717655221122236],[139.672358555160997,35.717510423187022],[139.672335622911731,35.717469495941479],[139.672323032864085,35.717446202340582],[139.672272124944527,35.717374898744168],[139.672239791798035,35.71732929526452],[139.67218618027448,35.717253699334712],[139.672156904579992,35.717212430065487],[139.672122450981618,35.717163848320212],[139.672073231803409,35.717094437053667],[139.672057086268666,35.717071670468883],[139.672037648509985,35.717044304329846],[139.672012280175437,35.7170085151295],[139.672001591442552,35.716993448969738],[139.67198099108569,35.716964374084583],[139.671950929735146,35.716922012162129],[139.671905552904519,35.716858046594282],[139.671886706083455,35.71683147351947],[139.671874443980073,35.716815612942455],[139.671847013794064,35.716780155348715],[139.671829562676322,35.716757580775599],[139.671822144594302,35.716747975830707],[139.671783281426968,35.716697715146481],[139.671769181650177,35.716683331230051],[139.671735595061591,35.716649048837738],[139.671645231160028,35.716556885868755],[139.671400369108198,35.716295887145783],[139.669638509709841,35.717316018504064],[139.669944546617899,35.717782317151062],[139.67060764096621,35.718792627321477],[139.670878012215582,35.71937922253975],[139.670991533025813,35.71976750836351],[139.671007073156574,35.719800097306724],[139.671026421445845,35.719836898935078],[139.67104729953499,35.719873139269843],[139.67106968429789,35.719908776816403],[139.671093549292266,35.719943770075666],[139.6711188669683,35.71997807844852],[139.671145606462233,35.720011660429677],[139.671173738007923,35.720044478121089],[139.67119840111647,35.720071252915758],[139.671405257250484,35.720260945987143],[139.671560446744877,35.720417889562256],[139.671719167691123,35.720587265647652],[139.671810749643129,35.72068671402107],[139.671851580363153,35.720731853967436],[139.671886719729486,35.720772074752929],[139.671920996448137,35.720812558471238],[139.671954538381442,35.720853481961207],[139.671987334547765,35.72089480915426],[139.672019351822968,35.720936521979347],[139.672050613416189,35.720978621369554],[139.672081108273488,35.721021107310619],[139.672110803306566,35.721063943704479],[139.67213954864684,35.721106902306587],[139.672159724900581,35.721138019066409],[139.672230711599298,35.721248882344717],[139.672290581571247,35.721342367791294],[139.672291045207743,35.721339909496656],[139.672292650826648,35.721332949526165],[139.672328901989118,35.721175842881735],[139.672386135112788,35.720947675665343],[139.672483235813758,35.720624242527833],[139.673168309920896,35.720521056857734],[139.673482382119573,35.720530059966009]]]]}},
{"type":"Feature","properties":{"A29_001":"13114","A29_002":"東京都","A29_003":"中野区","A29_004":5,"A29_005":"第一種住居地域","A29_006":60,"A29_007":300,"A29_008":null},"geometry":{"type":"MultiPolygon","coordinates":[[[[139.672397404158772,35.722103069489997],[139.672226808325092,35.72193754224169],[139.672270280930718,35.721756328802037],[139.67227029090526,35.721755763661676],[139.672273156322319,35.721592580319559],[139.672274229645524,35.721531479530498],[139.672277676873904,35.721410765686166],[139.672290581571247,35.721342367791294],[139.672230711599298,35.721248882344717],[139.672159724900581,35.721138019066409],[139.67213954864684,35.721106902306587],[139.672110803306566,35.721063943704479],[139.672081108273488,35.721021107310619],[139.672050613416189,35.720978621369554],[139.672019351822968,35.720936521979347],[139.671987334547765,35.72089480915426],[139.671954538381442,35.720853481961207],[139.671920996448137,35.720812558471238],[139.671886719729486,35.720772074752929],[139.671851580363153,35.720731853967436],[139.671810749643129,35.72068671402107],[139.671719167691123,35.720587265647652],[139.671560446744877,35.720417889562256],[139.671405257250484,35.720260945987143],[139.67119840111647,35.720071252915758],[139.671173738007923,35.720044478121089],[139.671145606462233,35.720011660429677],[139.6711188669683,35.71997807844852],[139.671093549292266,35.719943770075666],[139.67106968429789,35.719908776816403],[139.67104729953499,35.719873139269843],[139.671026421445845,35.719836898935078],[139.671007073156574,35.719800097306724],[139.670991533025813,35.71976750836351],[139.670878012215582,35.71937922253975],[139.67060764096621,35.718792627321477],[139.669944546617899,35.717782317151062],[139.669638509709841,35.717316018504064],[139.66892930258237,35.71771959580326],[139.669811261262396,35.719050097165812],[139.670252516732404,35.720178919286333],[139.670282770210264,35.720228077236811],[139.670315162158886,35.720276322289799],[139.670349671684249,35.720323603037514],[139.670386234862974,35.720369829255681],[139.670424818570609,35.720414984673056],[139.670464356426038,35.720457852810682],[139.670483271082873,35.720477313540471],[139.67066074997166,35.720656805308749],[139.670745775676409,35.720742794614644],[139.67091116923163,35.720910666470722],[139.67110234475129,35.721118271487391],[139.671120342833206,35.721138013007803],[139.671150056280482,35.7211714845144],[139.671178798169734,35.721204953804431],[139.671206870611485,35.72123879264614],[139.671234293503034,35.721273000165461],[139.671261026017504,35.721307541154751],[139.671287110084364,35.721342451725256],[139.671312491652486,35.721377676821731],[139.671447126823011,35.721571581145987],[139.671604520561829,35.721814369664386],[139.671719671726521,35.721991996869292],[139.673097459244019,35.723310892386998],[139.673327446290443,35.723272086622792],[139.673387851899548,35.723192512442239],[139.673471022394807,35.723136340148912],[139.672397404158772,35.722103069489997]]]]}},
{"type":"Feature","properties":{"A29_001":"13114","A29_002":"東京都","A29_003":"中野区","A29_004":5,"A29_005":"第一種住居地域","A29_006":60,"A29_007":300,"A29_008":null},"geometry":{"type":"MultiPolygon","coordinates":[[[[139.677743402183467,35.730094499536563],[139.677635419880943,35.730130266540229],[139.677383065464966,35.730052762313299],[139.677722265426269,35.730738451914334],[139.677882018110154,35.730593830007251],[139.678002645046348,35.730605910093402],[139.677743402183467,35.730094499536563]]]]}},
{"type":"Feature","properties":{"A29_001":"13114","A29_002":"東京都","A29_003":"中野区","A29_004":5,"A29_005":"第一種住居地域","A29_006":60,"A29_007":200,"A29_008":null},"geometry":{"type":"MultiPolygon","coordinates":[[[[139.675337357698197,35.723921041326015],[139.675099260539298,35.723814362796404],[139.675037855211229,35.723808558363139],[139.675032131951951,35.724141577289053],[139.675259525130571,35.724906983324438],[139.675341344428801,35.725260442191754],[139.675341983663884,35.725263093031131],[139.675433510172837,35.725859206785607],[139.675475392152379,35.725977550976545],[139.675940728297576,35.726711744557399],[139.676184381415425,35.727146108134889],[139.676772647028827,35.728646906969928],[139.676777602783091,35.727700169650603],[139.676533087081737,35.727106497316683],[139.676334977128676,35.726713213520249],[139.675871131716292,35.726029615628725],[139.675784524035436,35.725832956387663],[139.675649894380001,35.725287123188131],[139.675334899840209,35.724135164590344],[139.675337357698197,35.723921041326015]]]]}},
{"type":"Feature","properties":{"A29_001":"13114","A29_002":"東京都","A29_003":"中野区","A29_004":1,"A29_005":"第一種低層住居専用地域","A29_006":60,"A29_007":150,"A29_008":null},"geometry":{"type":"MultiPolygon","coordinates":[[[[139.677722265426269,35.730738451914334],[139.677383065464966,35.730052762313299],[139.672796007823365,35.732180494617182],[139.672680295206476,35.732221637955334],[139.671057189549231,35.732798664463708],[139.6711811532453,35.73293287025318],[139.671335126168572,35.733162024284567],[139.671590286487941,35.733688944772851],[139.67232913501698,35.733688504767443],[139.673171616066469,35.73364383980627],[139.673219094961752,35.733596682755113],[139.673282913488549,35.733564019337443],[139.6735578853351,35.733557067443527],[139.673731679253933,35.733531541598857],[139.674017332832193,35.73337994374328],[139.674213020466311,35.733291785138135],[139.674833551282859,35.733086005435453],[139.677722265426269,35.730738451914334]]]]}},
{"type":"Feature","properties":{"A29_001":"13114","A29_002":"東京都","A29_003":"中野区","A29_004":1,"A29_005":"第一種低層住居専用地域","A29_006":60,"A29_007":150,"A29_008":null},"geometry":{"type":"MultiPolygon","coordinates":[[[[139.675601267752768,35.723002849317609],[139.675614315469801,35.722962949795999],[139.675670714551757,35.722767793538729],[139.675758102268077,35.722465406168581],[139.675834721365135,35.722250622517514],[139.675856774583906,35.722041498694672],[139.675745238564474,35.721355226901757],[139.675553352920701,35.721374054397643],[139.674954216263103,35.721472477782477],[139.674600014925318,35.721468791534761],[139.674629706444279,35.721379690396411],[139.674547452685999,35.721424605926394],[139.674475124049508,35.721458126854671],[139.674389032238082,35.721493053732566],[139.674322077124344,35.721516763125344],[139.674244255194679,35.721540576209044],[139.674165259367811,35.721561029217789],[139.674085065205134,35.721578187916379],[139.674004107344672,35.721591935700339],[139.673957490123712,35.721597864485894],[139.67385904019693,35.721519100314524],[139.673546869287549,35.721230819143713],[139.673055075340613,35.721416594126282],[139.672750900691369,35.72141305411661],[139.672633142503145,35.721578976608818],[139.672273156322319,35.721592580319559],[139.67227029090526,35.721755763661676],[139.672270280930718,35.721756328802037],[139.672226808325092,35.72193754224169],[139.672397404158772,35.722103069489997],[139.673471022394807,35.723136340148912],[139.673782133755225,35.723462048586285],[139.674275623764288,35.72349362172185],[139.675398932873577,35.723596136089697],[139.675601267752768,35.723002849317609]]]]}},
{"type":"Feature","properties":{"A29_001":"13114","A29_002":"東京都","A29_003":"中野区","A29_004":1,"A29_005":"第一種低層住居専用地域","A29_006":60,"A29_007":150,"A29_008":null},"geometry":{"type":"MultiPolygon","coordinates":[[[[139.676802666554067,35.729449274506699],[139.676772647028827,35.728646906969928],[139.676184381415425,35.727146108134889],[139.675940728297576,35.726711744557399],[139.675475392152379,35.725977550976545],[139.675433510172837,35.725859206785607],[139.675341983663884,35.725263093031131],[139.675341344428801,35.725260442191754],[139.675259525130571,35.724906983324438],[139.675032131951951,35.724141577289053],[139.675037855211229,35.723808558363139],[139.674136050258454,35.723735822792726],[139.674056949361159,35.723804402222036],[139.673846358061439,35.723814139735616],[139.673602597622136,35.723737977734956],[139.672310630986829,35.723966633815834],[139.671036371774591,35.724199449554597],[139.670639744403104,35.72422323959249],[139.670009401648571,35.724237850384448],[139.666712313714783,35.724153474374454],[139.666834182585006,35.724337399290022],[139.66684162271946,35.724346545768384],[139.666885461490011,35.724402817925927],[139.666894849958311,35.724414855053602],[139.666895699904416,35.72441596580331],[139.666941357882479,35.724474529009107],[139.66696909595521,35.724508315176593],[139.666977612453053,35.724518678167492],[139.667019195867169,35.724569349709284],[139.667091155701399,35.724651837938232],[139.667108102940801,35.724672370892371],[139.667184155915265,35.724764618339549],[139.667190164096525,35.724771897905107],[139.667245409088991,35.724840280121697],[139.667290265822885,35.724895796389504],[139.66729318324289,35.724899391432828],[139.667332554204307,35.72494518255106],[139.667529544372144,35.72517906858765],[139.667558315021466,35.725216245157227],[139.667647302567758,35.725324901359599],[139.667689482667356,35.725376635291795],[139.667746337636743,35.725446791566355],[139.66781206979465,35.725527304029143],[139.667860743791351,35.725587875652174],[139.668032586440859,35.725801250666784],[139.668314187189736,35.725673492532131],[139.668782748660931,35.725659824988753],[139.668984677201962,35.725598571461383],[139.669081194142507,35.725597272322794],[139.66941793400855,35.725686448412119],[139.669842496694599,35.725735677200753],[139.669923403651921,35.725958435418015],[139.669387665520219,35.725899613981468],[139.669473779819782,35.726122477523568],[139.669271438496139,35.726099307136892],[139.669057461228164,35.726045594273543],[139.668821050727644,35.72609201462776],[139.668459534141078,35.726103921137806],[139.668287383590268,35.726190494174347],[139.668505263985736,35.726621022151143],[139.667415049088788,35.72656419506152],[139.66606735178479,35.727119433297027],[139.666190519909776,35.72738174061756],[139.666309341141698,35.727625161604912],[139.66679557895489,35.727555720564141],[139.666793943251548,35.727498481593528],[139.667198061919862,35.727255784198753],[139.668321870198696,35.728253871593679],[139.668470144758345,35.728193353897638],[139.668771426741074,35.728121552657939],[139.66886247086066,35.72901798396218],[139.669868462960977,35.728889230718444],[139.669844861996978,35.72882050780553],[139.669792146564504,35.728740810977065],[139.669779283317155,35.728721434095043],[139.669761801588663,35.728696066808844],[139.669704412595365,35.728607651945985],[139.669678470193872,35.728567484534466],[139.669634125165402,35.728500409937965],[139.669573968287239,35.728413161213943],[139.66955509756113,35.728384342501755],[139.66949260762604,35.728288792639191],[139.669440476449125,35.728209152328041],[139.669336260677596,35.728053743041031],[139.66940683899233,35.728037979673928],[139.66947979483777,35.728015270010523],[139.669549767701113,35.727997146875651],[139.669581227740736,35.727985405261244],[139.669600144912295,35.727978345381999],[139.669739924716538,35.727929581513514],[139.66985768516335,35.727889600934212],[139.670494969356469,35.728948672191549],[139.670189257364171,35.729059945248515],[139.670071633947089,35.729082680395585],[139.668896327805044,35.729227309844369],[139.669094073834827,35.731224343400136],[139.668595076750989,35.731281603098566],[139.667947165236342,35.731338479806716],[139.668002868322759,35.731935884591387],[139.668174866162445,35.732212764675644],[139.669306698123648,35.732124165143794],[139.669221985287976,35.732355858125196],[139.669397066641778,35.732557856023718],[139.672353327983672,35.731526004820608],[139.672601446824075,35.731412878695494],[139.676802666554067,35.729449274506699]]]]}},
{"type":"Feature","properties":{"A29_001":"13114","A29_002":"東京都","A29_003":"中野区","A29_004":8,"A29_005":"近隣商業地域","A29_006":80,"A29_007":300,"A29_008":null},"geometry":{"type":"MultiPolygon","coordinates":[[[[139.677383065464966,35.730052762313299],[139.677635419880943,35.730130266540229],[139.677743402183467,35.730094499536563],[139.677455824514993,35.729487942332717],[139.676805243427737,35.7297728608266],[139.676802666554067,35.729449274506699],[139.672601446824075,35.731412878695494],[139.672353327983672,35.731526004820608],[139.669397066641778,35.732557856023718],[139.669661036153684,35.732879382994483],[139.67037059574514,35.732607517997138],[139.67070689527128,35.732928498291983],[139.670959040357445,35.733209298439682],[139.671203741947068,35.733699955746786],[139.671590286487941,35.733688944772851],[139.671335126168572,35.733162024284567],[139.6711811532453,35.73293287025318],[139.671057189549231,35.732798664463708],[139.672680295206476,35.732221637955334],[139.672796007823365,35.732180494617182],[139.677383065464966,35.730052762313299]]]]}},
{"type":"Feature","properties":{"A29_001":"13114","A29_002":"東京都","A29_003":"中野区","A29_004":8,"A29_005":"近隣商業地域","A29_006":80,"A29_007":300,"A29_008":null},"geometry":{"type":"MultiPolygon","coordinates":[[[[139.668259828541863,35.728290654141844],[139.668291700987822,35.728519681656323],[139.668305832547361,35.728648005159194],[139.66831329816128,35.728720416255946],[139.668327067369034,35.728832502150581],[139.668349144696009,35.729031513088678],[139.668365090961487,35.729170370552559],[139.6683720956066,35.729234748986592],[139.668387052152468,35.729370042010338],[139.668395567047867,35.729444572726536],[139.668397676503844,35.729464381203378],[139.668401636044962,35.729500028211191],[139.668409864950746,35.729574954230351],[139.668416029580271,35.729632299996332],[139.668418857137965,35.729659333857391],[139.668427538159705,35.729739671357471],[139.668462126355848,35.730059449182654],[139.668465980209504,35.730091677181115],[139.668468985915069,35.730121339648868],[139.66847439993515,35.730174954551067],[139.668485038949711,35.730268713267769],[139.668493980293988,35.730346694955777],[139.668505087569997,35.730451480646614],[139.668517606750129,35.730569109943374],[139.668527711428624,35.730659337291677],[139.668534957735801,35.730726750008607],[139.668547125024986,35.730838121574124],[139.668551148200805,35.730874068808696],[139.668555037544451,35.730909512900944],[139.668570724466889,35.731055519526244],[139.668577241355422,35.731118018826493],[139.668595076750989,35.731281603098566],[139.669094073834827,35.731224343400136],[139.668896327805044,35.729227309844369],[139.670071633947089,35.729082680395585],[139.670189257364171,35.729059945248515],[139.670494969356469,35.728948672191549],[139.66985768516335,35.727889600934212],[139.669739924716538,35.727929581513514],[139.669600144912295,35.727978345381999],[139.669581227740736,35.727985405261244],[139.669549767701113,35.727997146875651],[139.66947979483777,35.728015270010523],[139.66940683899233,35.728037979673928],[139.669336260677596,35.728053743041031],[139.669440476449125,35.728209152328041],[139.66949260762604,35.728288792639191],[139.66955509756113,35.728384342501755],[139.669573968287239,35.728413161213943],[139.669634125165402,35.728500409937965],[139.669678470193872,35.728567484534466],[139.669704412595365,35.728607651945985],[139.669761801588663,35.728696066808844],[139.669779283317155,35.728721434095043],[139.669792146564504,35.728740810977065],[139.669844861996978,35.72882050780553],[139.669868462960977,35.728889230718444],[139.66886247086066,35.72901798396218],[139.668771426741074,35.728121552657939],[139.668470144758345,35.728193353897638],[139.668321870198696,35.728253871593679],[139.668259828541863,35.728290654141844]]]]}},
{"type":"Feature","properties":{"A29_001":"13114","A29_002":"東京都","A29_003":"中野区","A29_004":5,"A29_005":"第一種住居地域","A29_006":60,"A29_007":200,"A29_008":null},"geometry":{"type":"MultiPolygon","coordinates":[[[[139.674629706444279,35.721379690396411],[139.674644345132947,35.721261087409175],[139.674606065215301,35.721072434858279],[139.67455245305058,35.720677430370337],[139.674508875393371,35.720531419077219],[139.674475911221947,35.720342494189097],[139.673833448316515,35.720466134396766],[139.673617504619017,35.720524515695139],[139.673494602070576,35.720561556425814],[139.673482382119573,35.720530059966009],[139.673168309920896,35.720521056857734],[139.672483235813758,35.720624242527833],[139.672386135112788,35.720947675665343],[139.672328901989118,35.721175842881735],[139.672292650826648,35.721332949526165],[139.672291045207743,35.721339909496656],[139.672290581571247,35.721342367791294],[139.672277676873904,35.721410765686166],[139.672274229645524,35.721531479530498],[139.672273156322319,35.721592580319559],[139.672633142503145,35.721578976608818],[139.672750900691369,35.72141305411661],[139.673055075340613,35.721416594126282],[139.673546869287549,35.721230819143713],[139.67385904019693,35.721519100314524],[139.673957490123712,35.721597864485894],[139.674004107344672,35.721591935700339],[139.674085065205134,35.721578187916379],[139.674165259367811,35.721561029217789],[139.674244255194679,35.721540576209044],[139.674322077124344,35.721516763125344],[139.674389032238082,35.721493053732566],[139.674475124049508,35.721458126854671],[139.674547452685999,35.721424605926394],[139.674629706444279,35.721379690396411]]]]}},
{"type":"Feature","properties":{"A29_001":"13114","A29_002":"東京都","A29_003":"中野区","A29_004":8,"A29_005":"近隣商業地域","A29_006":80,"A29_007":300,"A29_008":null},"geometry":{"type":"MultiPolygon","coordinates":[[[[139.633465792998749,35.735196523115398],[139.632650490100502,35.734911342152714],[139.630834311852283,35.734503465518017],[139.63028359152699,35.733943431614335],[139.630263357061011,35.733927434402169],[139.630135526036071,35.733826374100673],[139.630083844316687,35.734092683195222],[139.630017739988602,35.734070719017126],[139.629939229879483,35.734370036360531],[139.629896513307273,35.734604634214705],[139.629033407267968,35.734465803973187],[139.628875227022519,35.735242522104663],[139.62953072493832,35.73532442820359],[139.629866236580966,35.735323655415314],[139.630083248146548,35.735324743149789],[139.630091760186815,35.735324937795006],[139.630636377352801,35.735327726806261],[139.630639524758749,35.73547082359476],[139.630885204828417,35.735479822705685],[139.630914429339981,35.735027702763716],[139.632080847631784,35.735291516820965],[139.632384447664236,35.735366439339288],[139.632819136114051,35.735520264902881],[139.633429574570101,35.735517610940896],[139.633368802559033,35.735382380910707],[139.633465792998749,35.735196523115398]]]]}},
{"type":"Feature","properties":{"A29_001":"13114","A29_002":"東京都","A29_003":"中野区","A29_004":5,"A29_005":"第一種住居地域","A29_006":60,"A29_007":200,"A29_008":null},"geometry":{"type":"MultiPolygon","coordinates":[[[[139.632819136114051,35.735520264902881],[139.632384447664236,35.735366439339288],[139.632080847631784,35.735291516820965],[139.630914429339981,35.735027702763716],[139.630885204828417,35.735479822705685],[139.631306346529527,35.735504856116691],[139.631650553633222,35.735542894555024],[139.631760634431004,35.735554706492593],[139.631952040261183,35.735566036966183],[139.632257517206682,35.735525051321765],[139.632408484374366,35.735510994367516],[139.632819136114051,35.735520264902881]]]]}},
{"type":"Feature","properties":{"A29_001":"13114","A29_002":"東京都","A29_003":"中野区","A29_004":1,"A29_005":"第一種低層住居専用地域","A29_006":50,"A29_007":150,"A29_008":null},"geometry":{"type":"MultiPolygon","coordinates":[[[[139.633881136572853,35.734215127583951],[139.633277492984092,35.734068018238361],[139.633132460876141,35.734036846047935],[139.633060915567427,35.734018353716287],[139.632893141211525,35.733981415256359],[139.632683937398753,35.733936847806049],[139.632558581169519,35.733918629613484],[139.632409730409563,35.733900135017478],[139.632081456107898,35.733850478732272],[139.631858647091065,35.733817587650044],[139.631770746492037,35.733802563549709],[139.631668249611437,35.733785924933386],[139.631234774441822,35.733708192964123],[139.631028861647309,35.733669561815972],[139.630842603899623,35.733634617366143],[139.630881469125569,35.733444988579642],[139.630266094650722,35.733315169227922],[139.630270606173411,35.73326628723381],[139.629633594472637,35.73312703837184],[139.628759725836034,35.732940579566858],[139.627687135453897,35.732604870935589],[139.627431372509477,35.733107638785327],[139.62873226445592,35.733499424553223],[139.630135526036071,35.733826374100673],[139.630263357061011,35.733927434402169],[139.63028359152699,35.733943431614335],[139.630834311852283,35.734503465518017],[139.632650490100502,35.734911342152714],[139.633465792998749,35.735196523115398],[139.633617563225414,35.734860510092616],[139.633881136572853,35.734215127583951]]]]}},
{"type":"Feature","properties":{"A29_001":"13114","A29_002":"東京都","A29_003":"中野区","A29_004":5,"A29_005":"第一種住居地域","A29_006":60,"A29_007":200,"A29_008":null},"geometry":{"type":"MultiPolygon","coordinates":[[[[139.629939229879483,35.734370036360531],[139.629809868379965,35.734247177489699],[139.628943167875718,35.734066425410475],[139.628831707733013,35.734416810221312],[139.629033407267968,35.734465803973187],[139.629896513307273,35.734604634214705],[139.629939229879483,35.734370036360531]]]]}},
{"type":"Feature","properties":{"A29_001":"13114","A29_002":"東京都","A29_003":"中野区","A29_004":5,"A29_005":"第一種住居地域","A29_006":60,"A29_007":300,"A29_008":null},"geometry":{"type":"MultiPolygon","coordinates":[[[[139.630135526036071,35.733826374100673],[139.62873226445592,35.733499424553223],[139.627431372509477,35.733107638785327],[139.626906585733678,35.732914546958213],[139.626716641699005,35.73271443569412],[139.626561004080031,35.732683936790274],[139.626390021011872,35.732748511008339],[139.625983188512521,35.732625705845294],[139.626085392511868,35.732897229142836],[139.626222958724327,35.732943085529271],[139.626368935514535,35.733257850782522],[139.627385911975523,35.733610169967761],[139.628010200747497,35.733798686773675],[139.628943167875718,35.734066425410475],[139.629809868379965,35.734247177489699],[139.629939229879483,35.734370036360531],[139.630017739988602,35.734070719017126],[139.630083844316687,35.734092683195222],[139.630135526036071,35.733826374100673]]]]}},
{"type":"Feature","properties":{"A29_001":"13114","A29_002":"東京都","A29_003":"中野区","A29_004":3,"A29_005":"第一種中高層住居専用地域","A29_006":60,"A29_007":200,"A29_008":null},"geometry":{"type":"MultiPolygon","coordinates":[[[[139.629033407267968,35.734465803973187],[139.628831707733013,35.734416810221312],[139.628943167875718,35.734066425410475],[139.628010200747497,35.733798686773675],[139.627385911975523,35.733610169967761],[139.626368935514535,35.733257850782522],[139.626539484151238,35.733618236986935],[139.626491011272378,35.733782729600719],[139.627414453545555,35.734112470029601],[139.627307377463325,35.735034618945662],[139.628047017690534,35.735181013489282],[139.628401506950922,35.73519020326475],[139.628875227022519,35.735242522104663],[139.629033407267968,35.734465803973187]]]]}},
{"type":"Feature","properties":{"A29_001":"13114","A29_002":"東京都","A29_003":"中野区","A29_004":9,"A29_005":"商業地域","A29_006":80,"A29_007":500,"A29_008":null},"geometry":{"type":"MultiPolygon","coordinates":[[[[139.667356005854487,35.705270293822615],[139.667358290208853,35.704251623289196],[139.667260690963985,35.703729797886275],[139.66672546052385,35.703877516517615],[139.666274197507789,35.703998902661908],[139.666522550901107,35.705514250264613],[139.667349999141891,35.705527318530436],[139.667356005854487,35.705270293822615]]]]}},
{"type":"Feature","properties":{"A29_001":"13114","A29_002":"東京都","A29_003":"中野区","A29_004":3,"A29_005":"第一種中高層住居専用地域","A29_006":60,"A29_007":200,"A29_008":null},"geometry":{"type":"MultiPolygon","coordinates":[[[[139.662686449526916,35.705712104651141],[139.66273344597181,35.704953012688065],[139.664128709227981,35.705024713397769],[139.664164915142891,35.704289956138766],[139.663535482162388,35.704262675435515],[139.663397547600084,35.704228138618809],[139.661895518910285,35.703283507210521],[139.661746071224428,35.70316500459753],[139.661409702908685,35.7029508400663],[139.661096612140653,35.702790129041887],[139.660961189143904,35.704850464559875],[139.65800839362754,35.705220147518737],[139.658165215573206,35.70553609645679],[139.658173832136498,35.705605433265568],[139.658123849243594,35.706385221806627],[139.659502734419164,35.706412977733436],[139.659512132800501,35.706004929907309],[139.659522296135407,35.705764011037402],[139.660076405336696,35.705793857656026],[139.660775277904435,35.705955398020336],[139.660785233054213,35.705796708063431],[139.661520602489645,35.705863467394359],[139.661512977902703,35.706010126085715],[139.662673737805477,35.706034433771258],[139.662686449526916,35.705712104651141]]]]}},
{"type":"Feature","properties":{"A29_001":"13114","A29_002":"東京都","A29_003":"中野区","A29_004":9,"A29_005":"商業地域","A29_006":80,"A29_007":500,"A29_008":null},"geometry":{"type":"MultiPolygon","coordinates":[[[[139.662716465631576,35.707295198561127],[139.662621249590075,35.707299195379044],[139.662609720922262,35.707667487898881],[139.662594828558696,35.70818003463873],[139.662593878556635,35.708212532810691],[139.662593378977164,35.708229720806898],[139.662592306425665,35.708345781506459],[139.663301449689015,35.708341166013618],[139.663331650328445,35.707307516417863],[139.662716465631576,35.707295198561127]]]]}},
{"type":"Feature","properties":{"A29_001":"13114","A29_002":"東京都","A29_003":"中野区","A29_004":8,"A29_005":"近隣商業地域","A29_006":80,"A29_007":400,"A29_008":null},"geometry":{"type":"MultiPolygon","coordinates":[[[[139.662673737805477,35.706034433771258],[139.661512977902703,35.706010126085715],[139.661520602489645,35.705863467394359],[139.660785233054213,35.705796708063431],[139.660775277904435,35.705955398020336],[139.660076405336696,35.705793857656026],[139.659522296135407,35.705764011037402],[139.659512132800501,35.706004929907309],[139.659502734419164,35.706412977733436],[139.6601673113679,35.7064396155127],[139.660139330696381,35.707643911433195],[139.662609720922262,35.707667487898881],[139.662621249590075,35.707299195379044],[139.662716465631576,35.707295198561127],[139.662658640812623,35.70726212586743],[139.662673737805477,35.706034433771258]]]]}},
{"type":"Feature","properties":{"A29_001":"13114","A29_002":"東京都","A29_003":"中野区","A29_004":3,"A29_005":"第一種中高層住居専用地域","A29_006":60,"A29_007":300,"A29_008":null},"geometry":{"type":"MultiPolygon","coordinates":[[[[139.660139330696381,35.707643911433195],[139.6601673113679,35.7064396155127],[139.659502734419164,35.706412977733436],[139.658123849243594,35.706385221806627],[139.657996574177531,35.708253200887455],[139.660093675697482,35.708279860785574],[139.660139330696381,35.707643911433195]]]]}},
{"type":"Feature","properties":{"A29_001":"13114","A29_002":"東京都","A29_003":"中野区","A29_004":9,"A29_005":"商業地域","A29_006":80,"A29_007":400,"A29_008":null},"geometry":{"type":"MultiPolygon","coordinates":[[[[139.664334882736142,35.705031443009183],[139.664128709227981,35.705024713397769],[139.66273344597181,35.704953012688065],[139.662686449526916,35.705712104651141],[139.663852552630317,35.70576633792065],[139.663990223898139,35.705769486122975],[139.663990371975956,35.705769489936522],[139.664280681372446,35.705775446792309],[139.664334882736142,35.705031443009183]]]]}},
{"type":"Feature","properties":{"A29_001":"13114","A29_002":"東京都","A29_003":"中野区","A29_004":3,"A29_005":"第一種中高層住居専用地域","A29_006":60,"A29_007":200,"A29_008":null},"geometry":{"type":"MultiPolygon","coordinates":[[[[139.639182297199085,35.720068669337742],[139.640159533109369,35.719877067918148],[139.640227618405191,35.719536141525886],[139.64021919035747,35.719393036109636],[139.64019603083895,35.71929521948217],[139.640053470890734,35.718989727888335],[139.639715611229008,35.718421586888503],[139.639540903706603,35.718108888327386],[139.639450761835718,35.717896490116708],[139.639725244952302,35.717884530706534],[139.64006821707801,35.717822947725445],[139.641030695201351,35.717883761942495],[139.641313554241805,35.717732536143181],[139.641590987235276,35.717648554240469],[139.641753118127866,35.717354043043912],[139.641633944014785,35.717217214793862],[139.641579860163631,35.717166316657725],[139.641305567292818,35.717404842856133],[139.641219525766303,35.717431893005227],[139.64116022948636,35.717281551791821],[139.641218461503058,35.717144276493478],[139.641132736349903,35.717039682492334],[139.641036308447468,35.717008048224137],[139.640927921699557,35.71684188832247],[139.641096590638995,35.716747717170769],[139.641412734896988,35.716616577141664],[139.641233010411241,35.716199892772494],[139.641010163562242,35.716205260537059],[139.640916643731202,35.716065262496038],[139.640654782729371,35.716120887897418],[139.640436932692239,35.716115769189415],[139.640407643549736,35.71613480117049],[139.639254939633133,35.716348778183445],[139.638545387726708,35.716513380027919],[139.638359867061695,35.716441533633713],[139.637667604910376,35.716709899971086],[139.637403112506206,35.716731940175947],[139.63725021080063,35.716739233810877],[139.637136412458119,35.716744664779185],[139.637139424540379,35.716857733876921],[139.637452292619173,35.716862181127901],[139.637448796292432,35.717095892278657],[139.637809950727586,35.717097672006304],[139.637800158893214,35.717608060500197],[139.638071885622679,35.717613228247693],[139.638027125338425,35.718579026067985],[139.638037093064213,35.718688746038623],[139.63807484856099,35.718796126230004],[139.638326723676386,35.719242504378968],[139.638671653682138,35.719600410955266],[139.639022117796202,35.719794151379354],[139.639182297199085,35.720068669337742]]]]}},
{"type":"Feature","properties":{"A29_001":"13114","A29_002":"東京都","A29_003":"中野区","A29_004":8,"A29_005":"近隣商業地域","A29_006":80,"A29_007":300,"A29_008":null},"geometry":{"type":"MultiPolygon","coordinates":[[[[139.65397858622913,35.709339153995124],[139.653743406901299,35.709312694172688],[139.653734156567083,35.709390039573051],[139.653873250180169,35.709409648955727],[139.65397858622913,35.709339153995124]]]]}},
{"type":"Feature","properties":{"A29_001":"13114","A29_002":"東京都","A29_003":"中野区","A29_004":8,"A29_005":"近隣商業地域","A29_006":80,"A29_007":400,"A29_008":null},"geometry":{"type":"MultiPolygon","coordinates":[[[[139.693291357585792,35.709734453149252],[139.693167526462162,35.709648453653145],[139.692773726314414,35.709957839887139],[139.69215569188944,35.710367501979199],[139.691668341158646,35.710619708700811],[139.691398342422787,35.710742784790924],[139.691465563461207,35.711092009051953],[139.691861641952698,35.71093590854062],[139.692255730273558,35.710744006845871],[139.692577535511447,35.710566854508976],[139.693064316454354,35.710229562160592],[139.693462974117324,35.709917810785363],[139.693291357585792,35.709734453149252]]]]}},
{"type":"Feature","properties":{"A29_001":"13114","A29_002":"東京都","A29_003":"中野区","A29_004":8,"A29_005":"近隣商業地域","A29_006":80,"A29_007":400,"A29_008":null},"geometry":{"type":"MultiPolygon","coordinates":[[[[139.689767018515795,35.710918612085997],[139.689630040492375,35.710859694641222],[139.687734462458252,35.70895789469175],[139.686790020792785,35.70814509903213],[139.68676365741473,35.708119610637624],[139.686733495621468,35.708088678783753],[139.68670501782816,35.708057290176725],[139.686677868783448,35.708025110880534],[139.686652102541899,35.707992194142342],[139.686627751056449,35.707958592281088],[139.686604847480311,35.707924305337954],[139.686583390641346,35.707889369366946],[139.68656342565825,35.707853888982001],[139.686544982398118,35.707817847995635],[139.686528061839311,35.707781314913511],[139.6865127169267,35.70774434478394],[139.686498938822126,35.707706934892663],[139.686486747249972,35.707669176302026],[139.686476154305609,35.707631101476352],[139.686467190861549,35.707592748311086],[139.686459857961637,35.707554149256801],[139.6865305872401,35.707461424636932],[139.686677319633759,35.707236344976174],[139.686202336098006,35.707304449588463],[139.686240320598756,35.707001140349909],[139.685952529779115,35.707038946244957],[139.685947422936522,35.707271703456954],[139.685913424727659,35.707582195032472],[139.685923146164811,35.707635556883609],[139.685935104985504,35.707688615006127],[139.685949288044498,35.707741308090561],[139.685965677779336,35.707793573019138],[139.685984255517184,35.707845349376768],[139.686004998166084,35.707896575841382],[139.686027882634022,35.70794719109098],[139.686052882506544,35.707997137404647],[139.686079966951752,35.708046355253465],[139.686109104028986,35.708094786909662],[139.686140260692127,35.708142374644105],[139.686173399469453,35.70818906342631],[139.686208481783439,35.708234798224311],[139.686245465739432,35.708279524903396],[139.686284308335388,35.708323190228903],[139.686326796534871,35.708367661301779],[139.686740480358992,35.708749887619611],[139.68749342302641,35.709385289698083],[139.688938217387033,35.71084180270902],[139.688347663587308,35.71083390769617],[139.688336244979808,35.710833184581809],[139.688325563586659,35.710832431707253],[139.68831489006979,35.710831601323903],[139.688304226637769,35.710830694335847],[139.688293572185557,35.710829710741642],[139.688282930030425,35.71082864964405],[139.688272299063868,35.710827512844368],[139.688261681496328,35.71082630034536],[139.688251077331046,35.710825010344188],[139.688240486564894,35.710823644643682],[139.68822991251497,35.71082220234635],[139.688219352969384,35.710820684351035],[139.688208811243641,35.710819090661694],[139.688198286232648,35.710817421276964],[139.688187780146819,35.71081567619953],[139.688177294091417,35.71081385543075],[139.688166826961123,35.710811958969252],[139.688156382069991,35.71080998772041],[139.688145958312901,35.710807941682965],[139.688135556794975,35.710805820858155],[139.688125178623153,35.710803624346021],[139.688114824899259,35.710801353950622],[139.688104495625083,35.710799008770586],[139.688093489302389,35.710796424813388],[139.686837390974432,35.710496595985596],[139.68512457669425,35.71008552767637],[139.684333878407415,35.708393941200278],[139.683946515900374,35.707498907722027],[139.683440897371128,35.707685253018823],[139.683361675087411,35.707519167289696],[139.682795540471545,35.707543263206858],[139.683861547410402,35.709836055209486],[139.682842990224827,35.709678258960814],[139.682480637106579,35.70955379207988],[139.681579556822214,35.709154103732473],[139.681157693151334,35.708958011694406],[139.67930022668898,35.708110104861071],[139.679089801334811,35.708055460323308],[139.678840040675084,35.708026068185177],[139.676884009009711,35.708004677445963],[139.676388281584337,35.708057691652321],[139.673244025246191,35.708794442191795],[139.673159280180045,35.708768095867633],[139.6728743953731,35.708662782104234],[139.672733950152178,35.708707907324737],[139.672616540534818,35.708930735989128],[139.672577905829058,35.708937044047822],[139.669828231763319,35.709452049343831],[139.669287137052578,35.709519878070509],[139.667812335640406,35.709610108653678],[139.667371903580857,35.709640982430997],[139.667133280549251,35.709649238688861],[139.667109009511165,35.710001847921923],[139.667018929500671,35.710010309010684],[139.667044534744264,35.710071397055472],[139.667148028721869,35.710362494100472],[139.669193650234575,35.710239583838728],[139.669937725728715,35.710150925184855],[139.670595331572258,35.710020171331166],[139.672902674417429,35.709616887170995],[139.672934756004537,35.709608361785016],[139.673131743126504,35.709706863405664],[139.673265134884076,35.70968033033693],[139.673412870849063,35.709499276593789],[139.676580045525043,35.708759188945237],[139.676927352480305,35.70872088662199],[139.678908182347925,35.708759098214195],[139.678999357633046,35.70878783360908],[139.68181384471788,35.710104182924063],[139.681869910561176,35.710129360902002],[139.681928559943373,35.710154167132586],[139.681987948773212,35.710177773646556],[139.682048039496408,35.710200167776641],[139.682108795670331,35.710221333251496],[139.682170179738847,35.710241258305224],[139.68223215414713,35.710259930270837],[139.68229467802314,35.710277337378244],[139.682498077469745,35.710348897911395],[139.682809190287969,35.710122724733282],[139.682847794891586,35.710026235898333],[139.684759552302182,35.71036377653671],[139.685388314873535,35.710505512665591],[139.688119752172724,35.711171937330128],[139.689144380195074,35.711249604304676],[139.690145878640124,35.711262724306842],[139.690108585451924,35.710941557168056],[139.689951827945436,35.710954725796469],[139.689767018515795,35.710918612085997]]]]}}
]
}
